,alpha,Run,Population
0,1.5,0,"[13, 1, 8, 10, 7, 14, 7, 25, 17, 9, 1, 3, 3, 2, 6, 9, 6, 40, 33, 31, 2, 6, 8, 2, 8, 3, 7, 3, 11, 5, 3, 1, 9, 7, 34, 27, 18, 9, 13, 17, 3, 5, 8, 8, 13, 15, 10, 53, 10, 1, 28, 27, 3, 11, 2, 3, 13, 6, 10, 7, 2, 9, 11, 20, 6, 79, 6, 8, 5, 23, 4, 20, 32, 22, 19, 5, 11, 25, 25, 3, 8, 17, 14, 9, 7, 10, 6, 2, 0, 7, 11, 5, 3, 15, 5, 10, 12, 12, 8, 11, 6, 3, 8, 3, 2, 14, 5, 4, 14, 4, 6, 44, 6, 10, 5, 3, 7, 6, 4, 15, 14, 30, 15, 31, 13, 8, 4, 6, 29, 9, 1, 9, 4, 12, 26, 12, 8, 3, 5, 3, 4, 3, 22, 9, 5, 9, 8, 28, 3, 9, 7, 2, 11, 13, 10, 7, 19, 6, 11, 6, 8, 33, 11, 4, 9, 8, 10, 12, 18, 7, 4, 4, 3, 20, 9, 5, 17, 13, 4, 17, 9, 37, 24, 5, 18, 15, 9, 33, 8, 13, 40, 13, 6, 4, 1, 4, 3, 11, 5, 3, 5, 16, 28, 7, 5, 6, 0, 15, 5, 5, 3, 7, 6, 8, 15, 5, 6, 4, 7, 14, 4, 3, 5, 10, 2, 16, 3, 16, 11, 9, 3, 7, 9, 9, 5, 15, 33, 17, 9, 3, 7, 5, 11, 27, 8, 4, 6, 29, 4, 1, 4, 5, 41, 9, 3, 6, 11, 24, 29, 7, 1, 8, 13, 11, 11, 12, 11, 1, 12, 7, 9, 8, 9, 2, 20, 5, 32, 19, 4, 7, 8, 17, 12, 38, 13, 1, 12, 5, 12, 6, 7, 2, 8, 4, 14, 7, 13, 2, 6, 12, 15, 18, 10, 3, 4, 10, 1, 4, 7, 39, 8, 3, 24, 34, 16, 14, 24, 21, 8, 8, 9, 4, 3, 11, 8, 14, 29, 3, 12, 3, 8, 11, 3, 3, 6, 15, 7, 5, 4, 5, 6, 11, 10, 3, 7, 4, 33, 2, 6, 19, 14, 6, 25, 9, 3, 5, 29, 4, 2, 6, 7, 5, 5, 9, 7, 3, 7, 4, 15, 15, 2, 6, 7, 26, 4, 19, 4, 3, 13, 7, 9, 9, 9, 8, 5, 11, 12, 5, 20, 4, 8, 2, 11, 6, 1, 25, 21, 12, 12, 8, 12, 9, 5, 3, 7, 23, 6, 6, 3, 6, 5, 38, 10, 2, 15, 4, 7, 4, 8, 30, 1, 30, 8, 5, 14, 11, 11, 14, 38, 5, 22, 13, 9, 8, 2, 26, 29, 59, 6, 7, 8, 1, 12, 31, 8, 3, 22, 11, 7, 5, 5, 6, 0, 6, 10, 5, 13, 3, 4, 15, 5, 11, 8, 7, 7, 14, 32, 6, 11, 18, 43, 28, 3, 26, 5, 18, 13, 30, 3, 10, 16, 11, 11, 11, 13, 12, 2, 45, 1, 26, 15, 4, 13, 63, 31, 19, 12, 19, 6, 9, 4, 6, 12, 23, 7, 20, 2, 23, 13, 9, 6, 9, 2, 9, 10, 13, 5, 33, 9, 3, 7, 3, 18, 4, 13, 11, 13, 26, 6, 9, 6, 9, 1, 9, 22, 1, 4, 3, 6, 6, 3, 28, 2, 12, 5, 16, 9, 37, 9, 7, 6, 7, 20, 5, 13, 1, 39, 13, 11, 4, 1, 20, 3, 5, 9, 25, 18, 12, 50, 3, 7, 33, 3, 13, 3, 10, 3, 6, 1, 2, 7, 7, 59, 1, 5, 4, 2, 3, 7, 11, 15, 41, 11, 2, 5, 6, 5, 11, 3, 8, 24, 15, 2, 2, 12, 1, 14, 4, 6, 4, 4, 31, 3, 9, 7, 30, 8, 6, 8, 15, 7, 45, 8, 7, 13, 24, 3, 33, 8, 1, 17, 6, 27, 5, 16, 3, 9, 3, 7, 1, 5, 18, 15, 14, 5, 8, 9, 4, 4, 18, 17, 4, 17, 17, 10, 19, 7, 1, 4, 3, 13, 4, 9, 12, 7, 9, 2, 8, 31, 14, 9, 25, 5, 23, 2, 9, 3, 8, 9, 3, 1, 31, 6, 20, 7, 6, 23, 21, 10, 8, 4, 11, 12, 9, 2, 9, 5, 5, 5, 16, 32, 10, 9, 15, 1, 10, 8, 7, 4, 6, 14, 4, 21, 11, 14, 5, 19, 24, 6, 4, 12, 10, 3, 7, 20, 7, 12, 2, 10, 11, 15, 9, 16, 11, 27, 3, 2, 14, 27, 5, 8, 8, 13, 5, 12]"
1,1.5,1,"[6, 9, 2, 7, 7, 8, 7, 1, 25, 5, 4, 6, 7, 4, 16, 7, 4, 4, 12, 13, 29, 7, 7, 4, 4, 16, 14, 17, 11, 3, 14, 3, 2, 8, 5, 20, 6, 2, 11, 7, 8, 31, 5, 15, 4, 8, 15, 10, 19, 7, 11, 0, 12, 5, 19, 6, 5, 5, 16, 2, 4, 8, 32, 1, 12, 8, 26, 13, 11, 3, 9, 28, 9, 5, 5, 16, 1, 12, 4, 16, 8, 11, 19, 11, 4, 16, 5, 2, 0, 6, 4, 15, 7, 1, 14, 6, 9, 14, 14, 13, 4, 12, 7, 4, 5, 19, 7, 9, 42, 9, 30, 3, 2, 8, 13, 5, 11, 5, 10, 22, 2, 52, 3, 21, 3, 2, 20, 3, 6, 20, 3, 24, 8, 2, 48, 16, 11, 7, 1, 2, 6, 23, 9, 9, 15, 8, 31, 18, 9, 21, 14, 9, 10, 13, 8, 18, 16, 4, 7, 13, 6, 16, 0, 12, 11, 6, 5, 1, 14, 15, 7, 1, 3, 3, 8, 7, 14, 6, 7, 5, 19, 5, 10, 10, 7, 6, 11, 9, 9, 11, 19, 10, 5, 4, 7, 2, 11, 7, 13, 17, 22, 7, 10, 9, 8, 5, 14, 11, 16, 4, 14, 9, 3, 5, 9, 4, 19, 6, 10, 12, 9, 7, 10, 1, 11, 14, 15, 2, 8, 10, 9, 4, 12, 5, 5, 10, 16, 6, 8, 8, 18, 9, 4, 2, 27, 11, 20, 9, 17, 6, 15, 15, 5, 41, 5, 1, 11, 2, 5, 26, 5, 8, 12, 1, 9, 9, 23, 5, 8, 5, 8, 5, 14, 11, 3, 5, 8, 3, 18, 9, 6, 11, 16, 11, 6, 7, 17, 17, 5, 13, 5, 4, 23, 13, 2, 2, 11, 7, 22, 3, 8, 17, 16, 9, 13, 13, 7, 6, 26, 21, 35, 10, 14, 21, 22, 43, 27, 24, 17, 5, 1, 17, 4, 19, 17, 5, 4, 5, 2, 6, 19, 13, 8, 6, 15, 20, 15, 5, 6, 20, 15, 10, 11, 11, 9, 2, 19, 28, 3, 1, 5, 9, 1, 11, 15, 8, 19, 8, 5, 11, 4, 2, 1, 11, 16, 15, 10, 14, 6, 16, 8, 11, 8, 10, 18, 20, 14, 11, 7, 6, 6, 16, 2, 3, 17, 7, 26, 3, 6, 3, 11, 8, 15, 4, 4, 2, 17, 3, 26, 2, 6, 8, 4, 28, 5, 18, 3, 4, 6, 8, 4, 36, 17, 6, 2, 14, 9, 54, 12, 7, 10, 8, 5, 4, 13, 9, 13, 4, 45, 13, 7, 5, 7, 17, 23, 5, 2, 6, 35, 6, 18, 5, 8, 1, 6, 6, 21, 6, 6, 1, 9, 3, 10, 10, 10, 23, 8, 12, 41, 3, 8, 5, 12, 4, 9, 40, 2, 4, 8, 26, 2, 7, 8, 38, 39, 11, 2, 6, 10, 6, 12, 4, 6, 10, 13, 16, 9, 2, 8, 32, 2, 17, 15, 4, 10, 10, 8, 17, 7, 17, 2, 17, 3, 18, 8, 6, 5, 20, 4, 1, 2, 11, 5, 5, 14, 5, 7, 26, 19, 25, 3, 6, 4, 27, 9, 7, 10, 4, 9, 6, 12, 36, 3, 10, 7, 7, 14, 20, 37, 11, 0, 4, 1, 4, 23, 18, 6, 8, 6, 6, 7, 13, 28, 28, 5, 51, 18, 3, 4, 10, 2, 1, 7, 5, 2, 12, 6, 4, 35, 4, 29, 3, 19, 5, 2, 6, 19, 29, 8, 13, 18, 10, 5, 7, 11, 11, 4, 8, 6, 1, 21, 30, 23, 7, 4, 2, 12, 11, 18, 23, 8, 20, 1, 15, 44, 4, 7, 15, 4, 9, 4, 8, 8, 5, 6, 8, 2, 22, 17, 4, 8, 13, 19, 13, 5, 21, 11, 15, 13, 12, 5, 3, 15, 11, 3, 2, 3, 14, 2, 4, 4, 15, 5, 13, 7, 3, 20, 11, 7, 18, 7, 3, 11, 17, 11, 32, 8, 4, 2, 2, 18, 7, 21, 4, 12, 0, 6, 8, 10, 10, 11, 15, 24, 2, 6, 20, 19, 17, 16, 2, 5, 14, 6, 11, 2, 7, 23, 4, 13, 1, 12, 6, 12, 6, 14, 4, 2, 4, 7, 18, 10, 5, 8, 45, 8, 4, 7, 31, 20, 12, 5, 2, 27, 28, 21, 28, 12, 5, 2, 16, 20, 21, 6, 33, 5, 32, 9, 9, 11, 8, 5, 21, 52, 22, 2, 43, 9, 11, 5, 7, 12, 19, 18, 14, 11]"
2,1.5,2,"[4, 13, 3, 7, 5, 21, 8, 5, 17, 14, 3, 11, 3, 6, 2, 12, 20, 3, 31, 35, 2, 8, 5, 14, 9, 7, 22, 14, 8, 7, 15, 2, 12, 4, 23, 14, 5, 10, 6, 4, 3, 13, 2, 6, 24, 3, 1, 6, 2, 6, 2, 47, 13, 3, 6, 10, 5, 14, 43, 8, 58, 12, 1, 14, 3, 7, 4, 6, 20, 1, 18, 8, 22, 11, 8, 14, 10, 15, 12, 21, 10, 26, 19, 5, 8, 13, 11, 10, 8, 4, 13, 6, 5, 4, 1, 3, 4, 21, 8, 18, 5, 6, 11, 9, 6, 7, 4, 19, 16, 16, 10, 2, 9, 11, 27, 10, 5, 7, 14, 5, 25, 17, 6, 4, 4, 13, 6, 4, 21, 10, 6, 2, 3, 9, 3, 36, 3, 17, 5, 20, 3, 9, 10, 14, 3, 18, 12, 15, 3, 7, 12, 4, 2, 12, 9, 9, 17, 8, 17, 2, 42, 7, 18, 22, 4, 26, 12, 5, 17, 6, 5, 15, 15, 10, 4, 3, 10, 8, 17, 6, 4, 33, 9, 6, 5, 16, 7, 26, 16, 34, 0, 15, 3, 10, 7, 3, 12, 4, 10, 3, 4, 6, 1, 8, 6, 13, 7, 2, 4, 20, 8, 19, 10, 14, 5, 24, 11, 6, 12, 8, 5, 12, 7, 3, 7, 4, 3, 32, 26, 8, 6, 6, 16, 23, 8, 22, 12, 10, 9, 4, 6, 18, 2, 13, 10, 1, 1, 5, 5, 11, 6, 15, 10, 9, 5, 8, 4, 11, 13, 5, 9, 18, 8, 15, 5, 14, 6, 12, 6, 1, 1, 7, 17, 14, 11, 18, 6, 7, 11, 33, 11, 12, 20, 20, 6, 15, 5, 14, 6, 5, 29, 15, 5, 1, 7, 4, 12, 9, 2, 15, 7, 17, 7, 9, 7, 14, 1, 17, 4, 4, 5, 15, 5, 12, 6, 8, 36, 20, 6, 24, 7, 6, 45, 21, 3, 5, 25, 10, 9, 35, 14, 20, 40, 3, 1, 11, 21, 5, 3, 27, 7, 7, 9, 13, 9, 10, 22, 12, 9, 7, 17, 9, 16, 0, 15, 17, 6, 4, 5, 27, 16, 14, 17, 10, 7, 8, 1, 11, 42, 3, 6, 12, 3, 1, 13, 6, 12, 16, 11, 6, 10, 6, 17, 6, 16, 6, 3, 7, 7, 9, 17, 3, 6, 10, 4, 16, 8, 14, 2, 4, 3, 9, 30, 5, 3, 24, 7, 12, 2, 12, 16, 25, 8, 8, 7, 3, 4, 14, 3, 10, 3, 11, 7, 6, 9, 38, 18, 15, 22, 17, 1, 5, 3, 5, 5, 29, 9, 14, 21, 32, 12, 30, 4, 7, 8, 21, 1, 9, 23, 12, 3, 7, 4, 2, 36, 5, 17, 6, 20, 5, 8, 13, 8, 10, 27, 11, 11, 31, 8, 24, 7, 18, 6, 28, 3, 13, 2, 4, 16, 80, 6, 12, 16, 17, 25, 28, 21, 13, 9, 19, 11, 19, 7, 5, 4, 3, 8, 12, 21, 1, 4, 2, 7, 7, 5, 7, 5, 4, 27, 3, 6, 10, 9, 2, 7, 18, 8, 13, 4, 2, 8, 15, 6, 5, 4, 12, 26, 9, 6, 8, 8, 25, 36, 2, 37, 8, 0, 4, 2, 6, 5, 5, 15, 3, 27, 5, 6, 10, 10, 51, 2, 7, 3, 4, 10, 2, 17, 15, 19, 3, 7, 4, 11, 3, 3, 7, 14, 2, 6, 7, 14, 7, 14, 5, 6, 2, 13, 15, 8, 3, 5, 7, 9, 13, 39, 35, 3, 3, 16, 10, 18, 4, 1, 6, 5, 7, 11, 35, 27, 6, 12, 35, 3, 7, 5, 2, 9, 7, 6, 22, 2, 5, 24, 8, 15, 9, 5, 10, 11, 8, 23, 1, 6, 4, 8, 6, 8, 25, 5, 2, 2, 3, 9, 11, 20, 24, 3, 9, 4, 30, 9, 0, 58, 2, 0, 5, 22, 12, 6, 18, 18, 6, 12, 6, 5, 12, 10, 7, 12, 4, 1, 36, 14, 11, 10, 26, 22, 5, 20, 9, 13, 9, 2, 22, 6, 43, 5, 25, 18, 18, 14, 14, 1, 6, 9, 18, 3, 11, 7, 12, 8, 16, 3, 11, 4, 7, 11, 10, 3, 88, 10, 32, 27, 3, 20, 6, 7, 15, 39, 10, 3, 16, 7, 19, 15, 8, 10, 14, 2, 5, 4, 6, 27, 2, 18, 2, 11, 12, 8, 25, 3, 3, 25, 8, 17, 2, 10, 14, 5, 6, 7, 10, 9, 7, 18]"
3,1.5,3,"[5, 0, 14, 9, 8, 8, 11, 10, 34, 12, 5, 4, 10, 12, 10, 19, 5, 11, 13, 13, 10, 10, 29, 10, 5, 44, 11, 18, 9, 2, 10, 4, 2, 6, 17, 11, 1, 12, 18, 5, 3, 10, 6, 3, 11, 4, 7, 3, 12, 12, 17, 8, 7, 32, 48, 7, 6, 8, 14, 16, 13, 11, 11, 46, 7, 36, 7, 34, 11, 12, 25, 12, 4, 19, 6, 3, 13, 16, 1, 4, 6, 5, 5, 12, 13, 7, 5, 7, 7, 3, 15, 9, 7, 4, 5, 7, 11, 4, 9, 19, 2, 8, 4, 17, 10, 2, 14, 2, 3, 8, 10, 9, 15, 10, 34, 7, 7, 6, 3, 2, 10, 9, 2, 1, 15, 6, 13, 13, 8, 14, 2, 6, 0, 9, 37, 12, 6, 4, 28, 6, 3, 2, 12, 12, 15, 13, 4, 15, 2, 5, 2, 8, 5, 9, 10, 26, 17, 37, 7, 1, 1, 34, 12, 28, 10, 1, 6, 10, 21, 8, 3, 3, 9, 11, 11, 8, 4, 6, 2, 14, 18, 6, 13, 7, 4, 15, 6, 12, 4, 4, 16, 18, 12, 6, 19, 10, 10, 17, 3, 27, 4, 8, 5, 10, 2, 9, 8, 4, 13, 9, 6, 19, 24, 4, 14, 15, 11, 4, 1, 7, 5, 8, 11, 16, 3, 15, 6, 16, 6, 28, 10, 11, 8, 24, 4, 16, 10, 9, 12, 3, 7, 15, 7, 6, 8, 4, 25, 8, 3, 8, 3, 14, 30, 13, 23, 6, 3, 4, 6, 5, 3, 9, 6, 13, 7, 19, 5, 10, 1, 9, 19, 10, 8, 4, 6, 11, 14, 33, 21, 1, 10, 11, 8, 5, 4, 17, 12, 20, 6, 11, 2, 8, 31, 4, 8, 11, 1, 17, 5, 2, 19, 15, 8, 6, 25, 17, 9, 24, 7, 3, 12, 10, 12, 19, 11, 13, 19, 9, 6, 10, 3, 11, 6, 33, 5, 10, 12, 3, 11, 34, 8, 7, 3, 24, 16, 1, 13, 8, 16, 0, 2, 3, 1, 9, 12, 6, 10, 5, 19, 4, 1, 10, 11, 25, 27, 37, 2, 5, 5, 3, 5, 5, 45, 42, 6, 2, 10, 36, 13, 15, 4, 6, 2, 16, 2, 8, 20, 16, 30, 3, 9, 0, 1, 11, 5, 14, 16, 5, 21, 10, 8, 7, 16, 15, 6, 8, 3, 15, 10, 2, 3, 10, 14, 27, 8, 20, 4, 2, 6, 11, 8, 7, 8, 1, 6, 8, 14, 7, 16, 1, 11, 48, 14, 4, 51, 11, 8, 4, 7, 17, 19, 13, 5, 19, 7, 5, 19, 4, 7, 5, 18, 5, 1, 7, 6, 4, 12, 4, 40, 6, 9, 5, 19, 9, 9, 10, 6, 23, 9, 32, 12, 4, 14, 12, 32, 8, 9, 22, 27, 7, 5, 13, 6, 39, 13, 3, 6, 1, 2, 19, 10, 23, 30, 1, 27, 13, 9, 20, 6, 29, 7, 9, 13, 8, 9, 7, 34, 2, 39, 18, 7, 7, 9, 2, 7, 4, 32, 10, 22, 7, 18, 3, 4, 4, 3, 5, 23, 34, 8, 11, 5, 15, 7, 19, 19, 15, 11, 11, 16, 4, 11, 6, 11, 24, 5, 10, 5, 10, 7, 3, 5, 49, 9, 2, 3, 28, 9, 9, 8, 4, 33, 2, 5, 0, 15, 18, 40, 15, 14, 2, 18, 2, 4, 1, 20, 14, 9, 18, 9, 3, 15, 1, 26, 7, 26, 27, 2, 19, 5, 4, 17, 2, 5, 8, 4, 8, 24, 22, 38, 9, 21, 4, 10, 4, 7, 12, 14, 6, 25, 20, 15, 30, 8, 12, 3, 3, 3, 41, 8, 6, 5, 7, 8, 3, 11, 18, 4, 16, 10, 10, 21, 3, 5, 17, 16, 5, 12, 6, 5, 14, 12, 4, 12, 3, 19, 7, 5, 1, 12, 31, 30, 5, 11, 11, 17, 12, 7, 13, 3, 12, 4, 7, 7, 12, 22, 7, 5, 11, 14, 4, 5, 9, 7, 13, 39, 9, 13, 16, 7, 9, 8, 11, 13, 17, 32, 1, 5, 19, 6, 7, 3, 5, 19, 5, 8, 27, 7, 12, 9, 25, 7, 19, 3, 7, 4, 6, 3, 4, 12, 7, 7, 5, 16, 10, 3, 10, 0, 2, 13, 17, 22, 10, 15, 11, 17, 28, 15, 24, 3, 6, 6, 1, 33, 1, 1, 20, 1, 1, 4, 8, 9, 5, 19, 6, 17, 14, 58, 5, 33, 2, 24, 4, 7, 1, 6]"
4,1.5,4,"[3, 8, 5, 10, 17, 8, 18, 16, 13, 11, 5, 5, 9, 11, 10, 8, 8, 6, 4, 6, 22, 21, 9, 8, 8, 6, 7, 6, 39, 3, 7, 3, 10, 3, 7, 27, 2, 3, 8, 12, 7, 6, 13, 8, 24, 1, 15, 10, 12, 14, 6, 6, 20, 7, 4, 8, 2, 10, 1, 22, 20, 26, 11, 5, 16, 10, 6, 3, 3, 25, 8, 11, 6, 10, 5, 10, 14, 6, 3, 3, 13, 22, 2, 8, 15, 7, 7, 11, 4, 14, 11, 19, 44, 7, 11, 51, 6, 5, 24, 2, 9, 19, 10, 11, 6, 9, 3, 16, 34, 22, 8, 15, 11, 16, 3, 17, 5, 4, 6, 19, 8, 18, 23, 5, 20, 2, 9, 12, 8, 13, 21, 1, 3, 3, 16, 14, 5, 7, 1, 58, 17, 2, 56, 1, 15, 11, 7, 17, 6, 10, 9, 4, 25, 8, 13, 12, 3, 7, 5, 12, 5, 12, 6, 18, 7, 7, 15, 4, 7, 8, 7, 2, 11, 3, 1, 4, 6, 4, 10, 16, 10, 15, 5, 8, 12, 13, 14, 22, 3, 10, 5, 13, 13, 11, 8, 1, 3, 15, 4, 32, 5, 9, 13, 5, 7, 5, 7, 16, 16, 16, 12, 1, 4, 4, 3, 9, 9, 4, 6, 9, 5, 10, 5, 19, 10, 4, 18, 3, 24, 19, 10, 2, 8, 7, 7, 9, 6, 2, 6, 19, 5, 14, 9, 6, 9, 15, 2, 13, 3, 9, 5, 3, 8, 6, 13, 9, 6, 9, 47, 4, 4, 6, 15, 25, 4, 12, 12, 5, 7, 13, 11, 4, 9, 7, 5, 4, 5, 9, 8, 12, 16, 5, 25, 42, 18, 12, 5, 7, 5, 8, 11, 1, 10, 12, 2, 4, 14, 4, 14, 18, 25, 5, 12, 6, 10, 30, 4, 5, 0, 5, 12, 20, 7, 8, 1, 3, 50, 6, 13, 24, 3, 9, 9, 32, 6, 9, 19, 5, 7, 17, 2, 9, 15, 20, 10, 2, 17, 4, 22, 7, 6, 9, 14, 24, 8, 5, 12, 11, 13, 14, 5, 33, 16, 4, 20, 9, 21, 14, 7, 16, 3, 17, 25, 22, 6, 7, 14, 3, 34, 11, 6, 8, 2, 4, 9, 2, 11, 35, 4, 7, 9, 6, 21, 9, 4, 7, 18, 12, 13, 5, 1, 3, 2, 8, 3, 18, 9, 44, 54, 4, 19, 6, 2, 8, 5, 30, 7, 4, 4, 18, 9, 5, 2, 8, 2, 6, 5, 2, 4, 3, 9, 19, 21, 6, 6, 6, 15, 7, 10, 15, 14, 19, 1, 3, 4, 10, 5, 1, 5, 9, 15, 9, 6, 1, 46, 19, 9, 3, 2, 16, 3, 30, 14, 3, 7, 20, 23, 10, 8, 19, 10, 4, 18, 4, 7, 2, 2, 9, 10, 7, 5, 16, 8, 20, 8, 4, 18, 8, 25, 5, 19, 9, 8, 4, 24, 3, 18, 7, 4, 18, 30, 7, 10, 7, 5, 28, 7, 2, 31, 10, 21, 6, 15, 3, 4, 6, 9, 3, 5, 3, 9, 4, 0, 19, 19, 6, 4, 6, 4, 6, 8, 12, 10, 8, 2, 6, 21, 10, 5, 3, 6, 4, 9, 11, 18, 4, 1, 9, 33, 47, 9, 12, 9, 3, 31, 32, 32, 4, 5, 3, 9, 11, 4, 17, 4, 14, 17, 6, 9, 5, 14, 9, 9, 23, 7, 63, 6, 5, 4, 15, 10, 30, 7, 7, 69, 5, 20, 2, 3, 9, 4, 1, 1, 4, 18, 15, 3, 4, 9, 40, 4, 5, 30, 41, 4, 17, 5, 14, 31, 5, 7, 12, 7, 47, 44, 6, 5, 13, 6, 21, 8, 6, 15, 13, 6, 11, 11, 3, 6, 16, 3, 3, 12, 3, 6, 2, 4, 4, 10, 13, 2, 7, 5, 13, 1, 25, 9, 10, 15, 3, 7, 17, 24, 18, 9, 7, 12, 41, 8, 16, 1, 9, 2, 17, 29, 10, 6, 3, 4, 14, 22, 17, 6, 4, 6, 6, 2, 9, 11, 10, 31, 5, 6, 10, 43, 5, 4, 23, 17, 8, 17, 6, 19, 9, 17, 4, 20, 5, 15, 25, 4, 12, 9, 3, 11, 4, 12, 25, 11, 7, 7, 5, 5, 4, 14, 5, 17, 8, 3, 3, 21, 10, 31, 8, 4, 26, 38, 31, 3, 12, 10, 0, 13, 4, 5, 6, 15, 7, 20, 36, 26, 4, 3, 21, 47, 7, 14, 5, 10, 35, 10, 13, 13, 0, 3]"
5,2.0,5,"[5, 9, 4, 1, 5, 17, 4, 5, 2, 11, 32, 35, 3, 9, 7, 10, 6, 12, 6, 8, 11, 9, 12, 33, 1, 11, 12, 13, 10, 10, 6, 6, 4, 10, 2, 4, 12, 6, 24, 8, 30, 17, 6, 3, 17, 1, 13, 1, 8, 1, 9, 9, 12, 6, 30, 16, 6, 4, 38, 7, 8, 4, 8, 46, 8, 33, 29, 8, 8, 6, 6, 29, 7, 0, 20, 13, 11, 17, 10, 17, 4, 4, 3, 9, 12, 3, 3, 20, 26, 29, 1, 0, 23, 4, 6, 13, 25, 3, 30, 14, 9, 7, 3, 14, 3, 4, 5, 5, 3, 26, 8, 6, 28, 1, 13, 24, 6, 7, 2, 17, 9, 6, 19, 7, 20, 7, 13, 10, 9, 12, 9, 10, 44, 4, 12, 7, 6, 5, 14, 15, 5, 5, 12, 9, 14, 3, 8, 25, 6, 4, 5, 13, 3, 0, 16, 5, 8, 8, 15, 6, 26, 44, 5, 3, 7, 7, 6, 11, 4, 6, 2, 4, 13, 25, 24, 7, 18, 3, 6, 27, 1, 6, 22, 2, 3, 11, 21, 7, 7, 3, 19, 9, 4, 5, 25, 10, 3, 2, 11, 1, 5, 6, 7, 10, 17, 7, 16, 5, 8, 6, 20, 10, 12, 4, 7, 6, 12, 10, 1, 7, 14, 4, 13, 7, 13, 7, 5, 16, 3, 7, 8, 3, 7, 9, 6, 5, 7, 13, 5, 9, 17, 13, 21, 10, 30, 4, 8, 33, 3, 8, 6, 13, 7, 28, 7, 4, 12, 27, 5, 24, 8, 10, 2, 31, 9, 5, 2, 4, 3, 17, 2, 18, 11, 9, 5, 11, 6, 2, 22, 20, 15, 36, 10, 17, 12, 16, 6, 6, 8, 19, 16, 3, 9, 4, 2, 11, 5, 2, 23, 16, 10, 2, 13, 11, 9, 4, 13, 12, 5, 19, 21, 6, 7, 20, 14, 14, 13, 12, 5, 5, 12, 11, 8, 15, 28, 5, 15, 10, 23, 24, 24, 1, 39, 20, 4, 15, 4, 4, 22, 2, 23, 38, 5, 4, 25, 6, 9, 30, 6, 6, 8, 6, 8, 2, 13, 26, 14, 6, 2, 14, 8, 8, 8, 14, 1, 8, 9, 4, 13, 19, 8, 6, 3, 4, 5, 13, 21, 11, 13, 13, 2, 2, 5, 10, 7, 4, 9, 3, 10, 20, 5, 2, 6, 3, 9, 8, 4, 6, 6, 6, 5, 7, 11, 6, 4, 7, 4, 12, 11, 17, 2, 9, 6, 5, 2, 3, 16, 5, 7, 10, 14, 6, 9, 13, 4, 5, 13, 21, 1, 20, 6, 3, 15, 55, 4, 18, 7, 4, 11, 10, 4, 10, 13, 4, 14, 7, 17, 4, 6, 18, 12, 26, 4, 3, 6, 6, 7, 4, 23, 4, 6, 7, 7, 13, 7, 23, 10, 14, 7, 27, 2, 16, 5, 4, 4, 11, 9, 2, 4, 22, 5, 3, 22, 22, 13, 13, 2, 19, 4, 9, 9, 16, 14, 14, 10, 13, 18, 3, 28, 56, 7, 9, 12, 4, 8, 1, 10, 7, 9, 1, 2, 4, 9, 3, 8, 3, 23, 10, 28, 11, 18, 5, 23, 31, 33, 2, 6, 7, 8, 5, 4, 13, 32, 0, 10, 26, 2, 30, 5, 22, 12, 13, 5, 18, 11, 10, 30, 4, 3, 4, 4, 12, 14, 2, 3, 21, 3, 9, 15, 8, 1, 0, 31, 35, 10, 1, 3, 54, 16, 7, 5, 10, 16, 1, 18, 7, 4, 9, 29, 67, 11, 12, 13, 5, 54, 7, 16, 6, 6, 6, 6, 7, 10, 7, 8, 7, 34, 25, 9, 4, 11, 27, 25, 7, 10, 25, 6, 9, 7, 18, 52, 6, 4, 6, 34, 8, 2, 6, 9, 6, 15, 20, 9, 9, 3, 17, 6, 17, 4, 5, 12, 4, 4, 26, 4, 10, 7, 11, 14, 12, 18, 8, 2, 4, 3, 5, 20, 11, 7, 27, 17, 5, 22, 9, 12, 19, 3, 4, 13, 6, 34, 7, 7, 12, 9, 17, 9, 7, 25, 2, 10, 7, 8, 8, 10, 9, 3, 18, 11, 5, 19, 7, 8, 6, 8, 7, 4, 6, 26, 7, 15, 4, 4, 4, 6, 7, 19, 39, 20, 29, 15, 12, 35, 7, 19, 6, 5, 6, 15, 14, 8, 8, 2, 31, 14, 13, 8, 5, 4, 6, 12, 11, 8, 5, 12, 9, 8, 8, 31, 12, 4, 4, 4, 4, 3, 11, 9, 28, 29, 23, 21, 21, 14, 23, 7]"
6,2.0,6,"[10, 3, 3, 25, 15, 24, 4, 11, 17, 8, 2, 9, 10, 3, 4, 3, 17, 14, 6, 8, 22, 11, 12, 5, 5, 11, 35, 9, 14, 18, 5, 11, 8, 8, 7, 11, 8, 4, 9, 20, 32, 16, 13, 3, 3, 2, 5, 4, 7, 47, 44, 44, 7, 12, 5, 15, 3, 5, 26, 5, 6, 9, 6, 6, 2, 13, 23, 1, 29, 16, 4, 16, 57, 9, 4, 5, 3, 10, 10, 10, 10, 11, 10, 10, 27, 33, 4, 30, 4, 2, 21, 8, 11, 5, 8, 11, 10, 6, 7, 3, 4, 13, 8, 8, 11, 7, 3, 6, 7, 19, 14, 16, 2, 5, 14, 6, 16, 7, 4, 5, 4, 17, 20, 7, 7, 8, 12, 6, 6, 18, 14, 3, 16, 5, 4, 12, 24, 3, 10, 36, 4, 8, 5, 22, 7, 3, 2, 17, 15, 21, 2, 5, 11, 10, 6, 2, 11, 11, 9, 16, 4, 8, 7, 45, 6, 17, 8, 13, 16, 15, 4, 3, 7, 5, 5, 13, 4, 4, 5, 1, 4, 3, 4, 22, 21, 13, 5, 11, 23, 1, 30, 14, 15, 1, 11, 3, 16, 8, 8, 3, 8, 7, 4, 9, 17, 5, 6, 5, 16, 10, 13, 3, 5, 16, 15, 1, 1, 4, 22, 21, 11, 3, 23, 2, 7, 15, 11, 8, 6, 9, 18, 2, 3, 4, 11, 17, 6, 27, 3, 5, 5, 14, 13, 3, 8, 3, 14, 15, 15, 12, 6, 13, 8, 21, 7, 31, 8, 11, 27, 9, 8, 40, 27, 33, 13, 2, 7, 10, 4, 4, 3, 16, 9, 5, 13, 5, 6, 11, 12, 18, 6, 5, 2, 10, 40, 28, 3, 34, 9, 17, 13, 6, 10, 4, 13, 11, 23, 5, 22, 3, 21, 13, 14, 7, 8, 17, 12, 26, 2, 5, 11, 5, 9, 10, 21, 8, 6, 8, 4, 0, 3, 30, 13, 4, 7, 8, 10, 21, 5, 15, 1, 23, 8, 17, 4, 2, 8, 7, 2, 8, 12, 22, 7, 11, 14, 2, 18, 12, 3, 5, 29, 11, 0, 5, 21, 24, 7, 13, 4, 7, 10, 14, 3, 9, 4, 11, 9, 9, 5, 9, 1, 4, 4, 3, 10, 11, 12, 6, 8, 7, 3, 12, 9, 14, 7, 8, 6, 4, 5, 2, 16, 10, 21, 5, 12, 10, 11, 3, 1, 7, 5, 2, 6, 8, 38, 1, 4, 8, 7, 3, 6, 9, 5, 10, 10, 32, 6, 10, 6, 7, 8, 1, 8, 19, 26, 13, 18, 9, 5, 37, 3, 1, 7, 8, 7, 7, 29, 6, 17, 3, 8, 29, 4, 4, 6, 30, 6, 8, 3, 16, 17, 24, 2, 15, 12, 4, 5, 61, 24, 2, 27, 25, 33, 8, 24, 10, 1, 4, 8, 16, 7, 14, 26, 7, 5, 23, 37, 6, 17, 3, 7, 9, 1, 11, 25, 16, 7, 12, 25, 18, 5, 12, 15, 11, 26, 14, 14, 11, 11, 23, 5, 33, 6, 19, 19, 16, 8, 3, 3, 3, 6, 8, 10, 11, 4, 12, 32, 10, 8, 7, 2, 10, 5, 28, 32, 15, 6, 5, 14, 2, 9, 1, 26, 5, 6, 7, 3, 4, 5, 14, 16, 20, 2, 18, 10, 2, 5, 16, 2, 3, 21, 11, 8, 23, 43, 5, 63, 9, 7, 6, 10, 17, 8, 6, 31, 3, 14, 9, 2, 2, 7, 4, 6, 4, 3, 2, 20, 4, 13, 8, 11, 39, 15, 12, 9, 1, 3, 10, 7, 5, 32, 26, 9, 7, 4, 24, 15, 5, 14, 5, 39, 4, 3, 6, 15, 2, 18, 5, 33, 3, 7, 4, 34, 17, 6, 6, 7, 9, 29, 14, 5, 5, 5, 7, 16, 18, 7, 30, 11, 12, 18, 23, 9, 13, 48, 4, 8, 16, 13, 7, 7, 7, 6, 9, 12, 8, 10, 22, 8, 26, 1, 1, 12, 4, 10, 7, 11, 7, 14, 12, 4, 7, 1, 1, 22, 12, 8, 17, 2, 9, 5, 14, 15, 7, 15, 3, 9, 26, 4, 3, 6, 7, 13, 1, 22, 25, 5, 2, 8, 14, 7, 24, 4, 10, 5, 5, 22, 4, 2, 10, 5, 4, 33, 26, 5, 11, 5, 15, 4, 5, 14, 2, 10, 31, 7, 9, 5, 8, 31, 14, 4, 19, 24, 1, 9, 4, 6, 7, 24, 40, 4, 10, 4, 17, 22, 12, 19, 14, 16, 21, 53, 9, 10, 10, 3]"
7,2.0,7,"[3, 13, 3, 5, 16, 43, 9, 9, 16, 14, 3, 2, 11, 6, 5, 7, 6, 0, 6, 26, 4, 22, 12, 6, 5, 18, 18, 20, 16, 8, 3, 5, 7, 4, 7, 31, 4, 8, 3, 16, 10, 9, 19, 4, 14, 6, 11, 24, 18, 2, 1, 24, 9, 4, 9, 18, 20, 14, 10, 8, 9, 9, 11, 28, 5, 15, 8, 21, 4, 12, 27, 5, 6, 23, 19, 6, 11, 4, 9, 7, 7, 17, 22, 28, 4, 7, 10, 9, 5, 10, 6, 4, 11, 11, 11, 15, 12, 23, 10, 10, 10, 3, 3, 6, 12, 6, 5, 15, 11, 15, 15, 3, 11, 15, 2, 30, 5, 9, 9, 10, 7, 2, 2, 9, 13, 15, 17, 17, 15, 14, 4, 2, 4, 10, 7, 4, 25, 16, 4, 1, 7, 61, 22, 8, 3, 3, 8, 30, 23, 8, 33, 14, 3, 34, 3, 7, 15, 8, 6, 5, 57, 1, 7, 4, 5, 15, 25, 10, 9, 29, 6, 4, 2, 20, 14, 35, 7, 9, 4, 3, 19, 10, 4, 23, 10, 8, 18, 7, 2, 3, 11, 19, 2, 15, 3, 8, 8, 4, 17, 1, 13, 23, 9, 8, 34, 7, 1, 10, 13, 13, 20, 13, 9, 7, 14, 7, 7, 2, 4, 9, 26, 17, 9, 7, 3, 18, 5, 17, 3, 5, 2, 6, 33, 9, 0, 4, 11, 11, 4, 6, 7, 8, 8, 13, 13, 8, 23, 4, 9, 10, 5, 2, 16, 4, 4, 8, 3, 3, 3, 19, 39, 12, 5, 10, 13, 3, 5, 2, 11, 7, 7, 10, 3, 2, 4, 8, 13, 7, 19, 0, 17, 7, 27, 11, 5, 8, 9, 12, 13, 16, 3, 0, 33, 15, 15, 30, 27, 10, 18, 12, 18, 28, 5, 14, 12, 6, 7, 16, 8, 21, 15, 6, 6, 22, 5, 10, 10, 13, 5, 10, 5, 23, 13, 9, 28, 13, 2, 2, 4, 4, 2, 9, 10, 12, 23, 20, 16, 3, 12, 7, 3, 15, 17, 11, 16, 5, 8, 9, 3, 9, 20, 2, 9, 3, 12, 13, 11, 19, 6, 24, 9, 11, 19, 4, 4, 23, 2, 8, 6, 5, 7, 7, 3, 5, 23, 15, 17, 6, 13, 15, 31, 6, 5, 19, 21, 23, 18, 4, 47, 11, 5, 8, 8, 6, 10, 3, 15, 2, 16, 7, 2, 34, 6, 2, 8, 2, 5, 11, 14, 5, 2, 12, 6, 3, 10, 12, 7, 5, 25, 6, 4, 26, 13, 30, 7, 47, 4, 12, 13, 6, 11, 21, 22, 16, 41, 2, 9, 4, 48, 7, 4, 2, 3, 9, 25, 8, 2, 7, 6, 17, 10, 5, 27, 3, 25, 1, 20, 27, 11, 15, 12, 6, 6, 20, 3, 5, 5, 11, 15, 11, 32, 7, 8, 7, 20, 46, 8, 68, 17, 4, 3, 6, 4, 25, 3, 4, 5, 21, 23, 12, 17, 2, 82, 6, 32, 4, 11, 32, 4, 9, 8, 14, 4, 5, 12, 11, 7, 3, 7, 3, 2, 29, 23, 11, 9, 4, 6, 5, 8, 4, 12, 4, 6, 9, 32, 12, 3, 10, 30, 2, 16, 34, 3, 7, 6, 12, 8, 8, 41, 2, 12, 3, 7, 50, 4, 5, 0, 64, 29, 4, 1, 57, 3, 5, 41, 1, 2, 2, 3, 7, 43, 7, 11, 4, 7, 7, 9, 7, 5, 13, 2, 7, 9, 5, 3, 1, 4, 7, 4, 4, 63, 3, 4, 4, 9, 9, 5, 10, 69, 5, 6, 14, 9, 12, 37, 5, 2, 6, 5, 14, 6, 12, 12, 4, 11, 10, 8, 2, 1, 2, 19, 7, 16, 4, 9, 13, 22, 18, 27, 18, 5, 18, 27, 8, 4, 5, 0, 27, 14, 14, 1, 7, 9, 13, 17, 15, 4, 5, 5, 9, 31, 17, 22, 38, 3, 8, 7, 6, 6, 13, 6, 10, 4, 10, 3, 11, 5, 11, 4, 10, 14, 8, 9, 17, 31, 20, 3, 4, 3, 9, 4, 10, 7, 17, 6, 3, 5, 14, 8, 2, 10, 11, 7, 7, 7, 15, 9, 2, 18, 17, 9, 18, 3, 3, 7, 4, 7, 12, 11, 9, 5, 5, 46, 12, 5, 12, 4, 18, 5, 14, 21, 8, 19, 5, 18, 4, 16, 7, 25, 7, 13, 4, 3, 2, 17, 6, 1, 7, 15, 10, 11, 8, 19, 12, 60, 1, 2, 3, 7, 2, 20, 17, 16, 13, 2]"
8,2.0,8,"[17, 9, 8, 6, 2, 3, 8, 7, 23, 26, 9, 6, 5, 13, 3, 3, 6, 3, 31, 25, 21, 10, 7, 4, 7, 5, 6, 4, 10, 5, 0, 38, 5, 6, 10, 24, 3, 12, 11, 7, 8, 16, 20, 4, 4, 22, 7, 8, 7, 7, 16, 2, 8, 8, 2, 4, 5, 27, 49, 2, 21, 9, 6, 32, 15, 35, 11, 9, 23, 1, 4, 20, 5, 4, 7, 4, 13, 13, 3, 18, 12, 12, 19, 8, 10, 4, 3, 2, 3, 14, 13, 15, 5, 19, 6, 7, 5, 5, 26, 9, 7, 5, 16, 33, 26, 7, 13, 10, 9, 1, 10, 14, 13, 8, 7, 6, 5, 14, 16, 8, 13, 26, 6, 9, 25, 25, 7, 7, 14, 15, 9, 9, 6, 13, 13, 3, 4, 16, 13, 7, 2, 12, 4, 16, 9, 8, 22, 14, 2, 9, 5, 13, 13, 4, 7, 4, 8, 11, 17, 5, 6, 5, 8, 7, 10, 1, 7, 9, 12, 7, 27, 7, 9, 10, 8, 8, 7, 17, 3, 8, 6, 16, 12, 3, 11, 6, 24, 6, 4, 3, 16, 19, 6, 6, 4, 2, 6, 4, 9, 24, 1, 10, 15, 24, 12, 5, 12, 4, 9, 9, 3, 25, 8, 3, 15, 6, 4, 5, 3, 11, 5, 8, 2, 5, 5, 12, 8, 6, 24, 12, 0, 14, 28, 13, 1, 4, 6, 12, 3, 5, 8, 1, 4, 17, 5, 33, 20, 4, 3, 2, 9, 13, 4, 12, 27, 1, 18, 29, 11, 5, 25, 24, 4, 8, 4, 13, 16, 7, 14, 7, 15, 14, 1, 12, 18, 4, 16, 17, 21, 8, 7, 4, 15, 3, 3, 7, 15, 6, 13, 16, 16, 7, 17, 8, 5, 9, 12, 6, 14, 2, 9, 13, 11, 18, 2, 6, 8, 17, 3, 21, 26, 12, 1, 17, 3, 11, 24, 4, 11, 8, 6, 26, 7, 16, 16, 17, 4, 9, 32, 8, 10, 14, 2, 16, 16, 12, 2, 2, 23, 19, 14, 18, 16, 3, 3, 4, 10, 6, 6, 19, 17, 33, 12, 9, 28, 13, 8, 11, 13, 4, 14, 29, 8, 27, 10, 17, 8, 7, 19, 17, 6, 9, 7, 4, 2, 11, 7, 3, 11, 21, 7, 8, 2, 19, 17, 32, 30, 19, 5, 3, 2, 5, 16, 5, 4, 33, 1, 11, 3, 5, 6, 14, 19, 17, 1, 13, 14, 26, 47, 59, 3, 4, 15, 4, 32, 31, 14, 8, 4, 11, 4, 48, 5, 20, 9, 43, 12, 4, 3, 6, 15, 3, 29, 4, 30, 7, 15, 6, 21, 1, 8, 9, 15, 3, 15, 5, 5, 3, 4, 6, 2, 14, 32, 4, 3, 16, 3, 5, 22, 5, 5, 16, 6, 10, 16, 4, 5, 25, 15, 4, 13, 1, 6, 27, 19, 4, 17, 4, 9, 21, 4, 10, 22, 17, 3, 36, 4, 9, 7, 3, 10, 11, 3, 5, 5, 3, 9, 11, 1, 12, 3, 10, 16, 10, 29, 3, 7, 2, 23, 7, 37, 14, 10, 10, 8, 5, 2, 11, 11, 8, 5, 5, 7, 41, 13, 6, 29, 13, 5, 3, 8, 2, 6, 57, 2, 9, 4, 28, 7, 15, 30, 22, 4, 23, 2, 16, 2, 7, 25, 2, 9, 10, 5, 31, 10, 6, 8, 10, 11, 17, 26, 6, 9, 9, 3, 4, 1, 1, 7, 7, 40, 2, 6, 5, 13, 11, 6, 24, 4, 22, 29, 23, 5, 23, 8, 6, 1, 6, 8, 10, 38, 24, 16, 4, 2, 18, 6, 11, 7, 17, 8, 2, 23, 5, 12, 1, 52, 7, 12, 48, 2, 1, 17, 8, 14, 40, 14, 4, 9, 5, 9, 7, 14, 12, 10, 18, 17, 6, 5, 7, 11, 2, 8, 8, 12, 18, 12, 17, 8, 13, 16, 10, 20, 23, 19, 10, 21, 32, 2, 25, 4, 9, 7, 11, 13, 12, 6, 4, 9, 11, 18, 5, 5, 12, 1, 38, 5, 16, 5, 19, 8, 11, 13, 11, 2, 11, 25, 17, 5, 14, 8, 15, 10, 6, 4, 14, 3, 24, 10, 8, 6, 8, 5, 9, 2, 4, 6, 23, 18, 9, 8, 14, 23, 1, 20, 10, 10, 7, 21, 7, 23, 3, 5, 13, 13, 5, 25, 28, 13, 2, 14, 11, 1, 9, 3, 5, 8, 18, 5, 5, 9, 5, 8, 18, 10, 22, 2, 6, 18, 19, 5, 14, 11, 6, 7]"
9,2.0,9,"[11, 1, 6, 3, 12, 5, 4, 8, 27, 17, 38, 2, 10, 3, 10, 35, 31, 25, 5, 3, 5, 7, 5, 3, 2, 12, 33, 20, 5, 23, 13, 14, 2, 11, 6, 22, 16, 18, 5, 6, 1, 10, 7, 10, 7, 5, 7, 14, 7, 18, 6, 8, 5, 9, 16, 3, 3, 3, 3, 4, 7, 17, 2, 3, 6, 12, 10, 16, 27, 20, 5, 5, 10, 1, 4, 27, 24, 3, 16, 20, 5, 7, 10, 13, 2, 3, 21, 13, 6, 3, 32, 6, 22, 15, 2, 5, 11, 14, 26, 1, 7, 6, 3, 3, 11, 24, 7, 13, 24, 14, 22, 10, 13, 4, 66, 12, 8, 3, 19, 6, 13, 12, 3, 9, 15, 4, 2, 21, 2, 11, 5, 16, 9, 1, 10, 20, 1, 8, 14, 7, 13, 5, 16, 10, 3, 9, 4, 17, 10, 3, 31, 14, 4, 2, 8, 7, 6, 9, 2, 12, 5, 11, 7, 7, 10, 17, 18, 10, 21, 4, 8, 17, 12, 24, 6, 20, 13, 13, 10, 6, 17, 14, 10, 5, 5, 19, 2, 33, 9, 11, 8, 5, 10, 3, 11, 5, 5, 8, 5, 5, 3, 4, 11, 24, 20, 13, 1, 7, 12, 15, 14, 4, 10, 14, 5, 6, 20, 5, 7, 12, 6, 16, 4, 7, 7, 4, 8, 26, 13, 6, 7, 34, 16, 19, 3, 33, 21, 9, 4, 6, 17, 8, 12, 8, 8, 2, 2, 17, 23, 2, 18, 9, 7, 34, 13, 5, 8, 11, 30, 8, 7, 35, 3, 17, 9, 6, 7, 23, 5, 14, 11, 3, 28, 4, 3, 5, 6, 6, 19, 3, 16, 28, 3, 1, 10, 2, 10, 10, 15, 3, 5, 14, 7, 7, 12, 26, 10, 3, 17, 9, 13, 3, 17, 28, 7, 24, 3, 6, 2, 4, 8, 15, 21, 5, 1, 17, 9, 5, 14, 1, 14, 17, 2, 5, 6, 17, 3, 15, 11, 14, 7, 1, 9, 5, 7, 17, 27, 31, 21, 2, 4, 2, 22, 11, 5, 5, 13, 15, 3, 10, 16, 9, 3, 9, 33, 11, 7, 13, 4, 18, 7, 43, 5, 4, 7, 10, 11, 18, 19, 6, 5, 29, 8, 6, 4, 12, 26, 6, 3, 6, 2, 15, 20, 12, 6, 9, 7, 3, 15, 3, 10, 9, 13, 5, 4, 3, 10, 2, 7, 12, 7, 11, 14, 37, 6, 5, 9, 2, 9, 15, 4, 7, 6, 6, 10, 11, 20, 8, 23, 28, 5, 14, 9, 17, 9, 2, 2, 11, 14, 28, 13, 90, 34, 8, 8, 5, 1, 11, 60, 4, 8, 15, 3, 19, 14, 9, 19, 5, 75, 66, 1, 7, 3, 4, 10, 39, 25, 23, 9, 4, 14, 3, 5, 13, 6, 24, 2, 11, 17, 6, 4, 6, 7, 6, 16, 4, 2, 19, 6, 3, 3, 20, 9, 13, 5, 14, 10, 7, 10, 31, 12, 5, 36, 8, 4, 4, 5, 4, 6, 12, 3, 27, 3, 4, 14, 28, 36, 9, 14, 3, 10, 29, 7, 1, 9, 10, 11, 18, 8, 5, 33, 4, 10, 3, 18, 2, 31, 13, 11, 15, 6, 16, 5, 3, 13, 30, 4, 3, 4, 20, 32, 23, 6, 24, 6, 76, 13, 36, 8, 3, 35, 4, 4, 4, 4, 9, 5, 5, 7, 5, 22, 7, 7, 5, 9, 5, 14, 15, 16, 7, 7, 9, 3, 9, 10, 21, 1, 15, 14, 4, 4, 24, 11, 27, 6, 12, 2, 17, 1, 3, 4, 7, 18, 3, 19, 5, 1, 25, 16, 4, 6, 3, 3, 4, 5, 1, 3, 20, 4, 2, 14, 9, 2, 3, 19, 9, 7, 32, 16, 11, 8, 1, 36, 3, 18, 8, 28, 8, 7, 0, 5, 7, 6, 20, 4, 5, 9, 16, 11, 6, 4, 5, 21, 20, 4, 6, 14, 10, 13, 16, 4, 4, 4, 6, 3, 20, 9, 16, 4, 6, 6, 18, 3, 12, 10, 2, 12, 15, 7, 4, 4, 16, 4, 12, 9, 11, 12, 2, 22, 5, 2, 23, 14, 4, 3, 5, 14, 8, 24, 7, 9, 5, 12, 10, 12, 7, 25, 3, 12, 1, 28, 3, 4, 7, 16, 3, 24, 9, 7, 11, 1, 7, 3, 6, 9, 9, 15, 25, 15, 11, 23, 11, 8, 5, 5, 5, 7, 13, 19, 9, 6, 3, 17, 10, 17, 4, 2, 2, 10, 6, 23, 8, 8, 10, 1]"
10,2.5,10,"[11, 6, 8, 12, 6, 4, 2, 4, 21, 15, 5, 2, 13, 2, 2, 5, 9, 5, 8, 2, 30, 7, 1, 10, 4, 4, 10, 17, 13, 7, 16, 12, 5, 9, 33, 22, 6, 1, 3, 1, 4, 17, 3, 2, 17, 12, 14, 20, 3, 11, 13, 5, 17, 1, 4, 5, 7, 7, 2, 20, 18, 3, 2, 4, 3, 24, 27, 18, 13, 9, 46, 9, 2, 2, 4, 2, 4, 11, 10, 10, 14, 24, 8, 28, 4, 17, 40, 9, 8, 11, 9, 46, 6, 6, 20, 4, 9, 12, 11, 18, 10, 13, 5, 16, 21, 25, 15, 7, 3, 6, 14, 13, 27, 9, 2, 12, 6, 2, 7, 9, 4, 16, 4, 3, 19, 5, 13, 8, 14, 5, 7, 9, 6, 13, 13, 24, 8, 4, 5, 5, 6, 3, 7, 15, 10, 9, 22, 14, 3, 7, 4, 2, 4, 27, 12, 2, 18, 4, 8, 8, 20, 6, 12, 20, 11, 4, 8, 8, 34, 15, 4, 12, 28, 8, 30, 14, 6, 20, 13, 7, 10, 4, 5, 16, 28, 18, 11, 36, 5, 6, 17, 4, 7, 9, 4, 6, 11, 8, 10, 27, 7, 5, 6, 13, 4, 2, 4, 13, 16, 4, 16, 21, 6, 12, 20, 6, 12, 11, 14, 14, 7, 6, 9, 7, 9, 13, 36, 10, 13, 3, 2, 16, 8, 8, 21, 2, 22, 3, 7, 11, 4, 3, 12, 2, 11, 7, 11, 18, 22, 6, 42, 7, 24, 4, 13, 9, 14, 0, 46, 34, 6, 6, 6, 24, 26, 6, 8, 3, 5, 10, 1, 4, 19, 4, 4, 7, 6, 2, 9, 12, 3, 16, 10, 9, 8, 2, 14, 11, 16, 4, 3, 11, 3, 6, 11, 2, 24, 7, 10, 22, 12, 13, 5, 17, 6, 6, 6, 8, 3, 37, 27, 13, 8, 16, 23, 10, 30, 18, 4, 21, 3, 8, 3, 14, 22, 7, 12, 12, 4, 14, 3, 22, 7, 9, 6, 16, 22, 6, 6, 11, 6, 10, 20, 11, 13, 10, 8, 4, 8, 6, 4, 7, 4, 15, 0, 4, 19, 10, 9, 5, 7, 19, 0, 5, 11, 7, 17, 5, 5, 23, 11, 20, 3, 14, 2, 4, 34, 3, 23, 16, 18, 24, 16, 2, 4, 13, 14, 3, 10, 10, 3, 9, 4, 3, 2, 4, 24, 17, 32, 4, 7, 18, 7, 8, 2, 40, 3, 16, 9, 5, 1, 14, 21, 47, 3, 12, 3, 3, 28, 10, 22, 19, 20, 5, 5, 15, 2, 8, 20, 6, 10, 6, 3, 18, 54, 9, 4, 5, 29, 12, 19, 39, 4, 23, 10, 18, 2, 7, 5, 29, 3, 24, 16, 10, 7, 5, 4, 13, 6, 6, 71, 11, 5, 63, 5, 3, 5, 7, 10, 11, 11, 14, 20, 4, 10, 9, 14, 3, 3, 2, 17, 10, 19, 5, 12, 22, 17, 8, 5, 19, 13, 5, 20, 9, 12, 4, 13, 19, 5, 2, 6, 16, 1, 43, 10, 4, 9, 6, 5, 6, 5, 19, 9, 6, 8, 6, 9, 1, 14, 2, 12, 2, 10, 8, 3, 4, 15, 2, 3, 10, 4, 5, 21, 25, 6, 3, 1, 2, 10, 23, 7, 52, 21, 4, 9, 43, 8, 1, 5, 14, 2, 16, 4, 8, 34, 11, 4, 12, 7, 4, 20, 29, 19, 6, 1, 6, 12, 6, 8, 9, 7, 8, 6, 5, 4, 28, 35, 14, 3, 12, 4, 21, 33, 6, 1, 5, 2, 10, 1, 1, 50, 7, 4, 10, 27, 5, 4, 18, 4, 6, 19, 7, 8, 0, 7, 5, 28, 4, 2, 5, 8, 31, 2, 5, 14, 5, 7, 4, 13, 9, 36, 39, 4, 12, 8, 9, 3, 25, 12, 36, 12, 6, 11, 18, 14, 20, 10, 1, 14, 2, 3, 3, 8, 28, 21, 13, 24, 7, 2, 2, 15, 1, 28, 5, 6, 18, 7, 5, 6, 16, 11, 13, 4, 37, 4, 29, 4, 14, 7, 9, 24, 3, 19, 22, 2, 14, 3, 8, 5, 6, 6, 13, 3, 8, 4, 11, 7, 13, 3, 7, 7, 8, 28, 12, 4, 6, 3, 19, 33, 3, 9, 16, 6, 5, 40, 20, 2, 17, 8, 4, 5, 6, 4, 14, 14, 14, 12, 5, 7, 7, 14, 5, 4, 14, 5, 9, 34, 9, 14, 13, 8, 5, 3, 75, 7, 49, 7, 5, 4, 12, 30, 3, 6, 6, 3]"
11,2.5,11,"[10, 3, 0, 3, 12, 9, 8, 16, 2, 25, 6, 24, 4, 3, 7, 34, 21, 8, 16, 3, 18, 10, 25, 9, 10, 5, 17, 12, 9, 4, 6, 6, 2, 9, 8, 6, 17, 8, 6, 6, 6, 8, 11, 13, 2, 12, 13, 4, 6, 8, 20, 9, 22, 8, 1, 8, 3, 17, 5, 3, 28, 4, 4, 10, 18, 4, 5, 30, 5, 19, 43, 7, 9, 17, 2, 23, 8, 7, 13, 30, 12, 14, 7, 9, 4, 9, 10, 25, 6, 5, 3, 6, 14, 9, 32, 20, 1, 23, 21, 16, 10, 7, 4, 4, 21, 8, 6, 8, 21, 3, 15, 9, 22, 1, 33, 8, 25, 7, 0, 10, 8, 18, 7, 7, 7, 11, 1, 23, 20, 10, 13, 6, 13, 3, 7, 14, 3, 3, 10, 9, 38, 7, 5, 15, 4, 12, 2, 9, 2, 7, 11, 36, 12, 12, 10, 6, 20, 6, 18, 8, 3, 23, 12, 29, 27, 5, 16, 9, 6, 6, 7, 12, 9, 14, 9, 7, 6, 22, 7, 2, 10, 8, 11, 26, 11, 4, 2, 22, 5, 5, 6, 5, 26, 6, 24, 2, 9, 7, 3, 3, 7, 12, 21, 12, 9, 3, 6, 10, 24, 15, 5, 8, 5, 4, 4, 3, 9, 7, 9, 4, 6, 8, 3, 15, 9, 17, 18, 16, 6, 17, 10, 9, 3, 19, 5, 3, 15, 12, 7, 10, 10, 9, 9, 2, 9, 2, 2, 3, 15, 16, 9, 3, 27, 4, 11, 6, 3, 11, 4, 7, 11, 19, 5, 9, 16, 7, 11, 8, 5, 7, 12, 7, 14, 8, 14, 7, 13, 9, 16, 6, 15, 8, 6, 3, 4, 39, 2, 14, 8, 5, 3, 4, 19, 3, 14, 33, 10, 33, 7, 6, 4, 4, 13, 4, 8, 17, 18, 13, 13, 18, 6, 10, 4, 7, 19, 21, 11, 8, 2, 13, 5, 26, 22, 7, 21, 10, 12, 0, 1, 6, 28, 28, 9, 6, 41, 14, 19, 17, 13, 6, 6, 4, 6, 8, 5, 6, 4, 7, 7, 17, 6, 12, 8, 6, 8, 9, 65, 8, 8, 22, 2, 8, 24, 11, 5, 5, 8, 12, 7, 22, 7, 9, 7, 10, 2, 14, 18, 18, 20, 2, 16, 10, 10, 7, 2, 32, 14, 6, 18, 8, 5, 6, 11, 5, 4, 5, 14, 9, 32, 5, 36, 5, 2, 6, 18, 3, 10, 2, 8, 5, 34, 22, 35, 6, 4, 3, 9, 43, 3, 28, 2, 6, 2, 5, 7, 4, 15, 13, 41, 9, 8, 52, 10, 4, 4, 27, 25, 22, 36, 10, 7, 23, 4, 2, 14, 10, 3, 4, 8, 7, 6, 4, 5, 5, 2, 35, 19, 17, 23, 4, 6, 6, 16, 5, 5, 48, 7, 6, 8, 11, 4, 16, 3, 3, 22, 11, 10, 3, 3, 1, 14, 5, 32, 3, 10, 11, 5, 14, 13, 9, 4, 19, 23, 6, 11, 10, 13, 3, 11, 5, 12, 4, 2, 30, 7, 12, 2, 6, 14, 9, 4, 5, 3, 1, 2, 7, 4, 17, 33, 4, 10, 11, 2, 6, 39, 4, 17, 10, 11, 6, 4, 5, 11, 6, 1, 15, 3, 39, 46, 3, 8, 6, 39, 7, 18, 4, 37, 4, 7, 7, 6, 11, 3, 9, 16, 38, 8, 17, 5, 2, 2, 21, 6, 5, 13, 33, 13, 21, 8, 4, 5, 36, 15, 6, 4, 3, 3, 6, 4, 2, 22, 19, 10, 5, 28, 7, 5, 4, 25, 6, 14, 5, 43, 4, 7, 5, 9, 15, 5, 24, 15, 18, 8, 30, 8, 3, 42, 1, 22, 7, 15, 8, 3, 12, 6, 16, 1, 19, 4, 54, 4, 13, 3, 2, 8, 17, 24, 11, 6, 10, 26, 12, 12, 15, 7, 37, 1, 15, 14, 2, 10, 3, 6, 21, 2, 3, 7, 20, 8, 10, 10, 27, 24, 10, 8, 7, 5, 15, 27, 2, 7, 9, 5, 13, 14, 15, 7, 2, 17, 6, 4, 8, 15, 25, 5, 8, 7, 2, 5, 16, 20, 9, 7, 8, 13, 4, 6, 9, 21, 7, 1, 4, 3, 2, 9, 9, 10, 16, 5, 4, 2, 7, 4, 6, 28, 9, 9, 3, 14, 10, 3, 2, 5, 23, 6, 5, 16, 22, 14, 8, 2, 12, 13, 7, 6, 18, 14, 5, 12, 50, 2, 7, 9, 33, 31, 6, 7, 39, 16, 3, 11, 6, 23, 6, 7]"
12,2.5,12,"[7, 14, 8, 12, 4, 49, 7, 8, 39, 45, 6, 8, 1, 18, 6, 8, 5, 7, 12, 8, 17, 9, 23, 10, 17, 2, 52, 8, 12, 55, 3, 10, 2, 11, 6, 13, 4, 4, 11, 6, 18, 13, 9, 9, 1, 7, 11, 40, 28, 3, 20, 6, 30, 5, 25, 5, 1, 16, 5, 2, 37, 7, 9, 1, 23, 5, 2, 9, 8, 16, 28, 7, 54, 9, 3, 19, 13, 2, 4, 31, 22, 8, 6, 12, 24, 9, 5, 0, 10, 7, 23, 9, 12, 5, 21, 20, 3, 13, 7, 5, 10, 10, 8, 3, 9, 3, 6, 5, 11, 11, 4, 26, 1, 8, 47, 7, 3, 3, 5, 18, 3, 23, 6, 3, 15, 14, 20, 16, 5, 6, 3, 4, 5, 6, 12, 4, 1, 7, 51, 10, 9, 17, 17, 3, 6, 16, 12, 10, 4, 7, 11, 9, 6, 5, 15, 9, 9, 6, 4, 4, 12, 14, 10, 8, 9, 6, 3, 17, 12, 23, 2, 4, 21, 6, 21, 4, 17, 16, 3, 8, 12, 6, 1, 13, 9, 13, 5, 14, 14, 5, 27, 15, 8, 3, 9, 3, 2, 11, 11, 13, 11, 14, 12, 4, 8, 1, 11, 10, 4, 15, 18, 34, 13, 8, 7, 10, 2, 6, 20, 10, 11, 3, 14, 20, 19, 2, 6, 6, 9, 7, 9, 12, 6, 15, 2, 5, 14, 36, 28, 7, 7, 21, 4, 9, 3, 10, 9, 5, 7, 3, 6, 6, 2, 9, 15, 5, 12, 16, 15, 6, 5, 5, 11, 8, 25, 10, 5, 4, 3, 4, 4, 7, 2, 5, 26, 10, 19, 17, 4, 5, 29, 12, 15, 4, 12, 18, 10, 3, 4, 3, 7, 2, 14, 22, 9, 6, 9, 11, 28, 21, 3, 2, 8, 19, 8, 27, 10, 16, 3, 15, 18, 16, 5, 27, 8, 10, 3, 5, 3, 9, 12, 25, 3, 10, 5, 14, 14, 41, 2, 16, 35, 12, 16, 17, 49, 6, 6, 2, 10, 4, 16, 10, 32, 15, 3, 9, 26, 1, 5, 12, 8, 10, 21, 9, 18, 20, 26, 10, 7, 7, 15, 13, 16, 16, 4, 5, 1, 7, 44, 19, 11, 11, 3, 7, 4, 11, 3, 23, 12, 9, 10, 8, 4, 8, 10, 8, 12, 21, 48, 1, 7, 7, 10, 4, 5, 24, 12, 2, 5, 21, 2, 8, 23, 19, 4, 14, 14, 1, 23, 9, 3, 5, 55, 2, 8, 15, 2, 11, 7, 10, 18, 7, 7, 10, 3, 9, 11, 8, 5, 22, 35, 10, 12, 3, 9, 56, 5, 2, 3, 15, 5, 50, 2, 6, 8, 21, 9, 5, 2, 6, 10, 50, 11, 8, 16, 16, 2, 5, 5, 4, 26, 20, 7, 8, 29, 6, 1, 8, 15, 29, 12, 16, 6, 3, 34, 5, 5, 4, 9, 1, 7, 5, 5, 10, 3, 5, 4, 7, 9, 4, 6, 32, 37, 6, 6, 17, 15, 36, 42, 4, 14, 2, 2, 55, 13, 28, 11, 34, 41, 5, 8, 18, 3, 4, 6, 10, 3, 10, 2, 1, 13, 15, 8, 3, 13, 7, 14, 20, 6, 7, 5, 3, 29, 20, 3, 17, 13, 10, 4, 5, 5, 5, 9, 11, 14, 6, 2, 5, 7, 28, 6, 4, 26, 6, 2, 6, 4, 6, 4, 3, 35, 7, 10, 1, 28, 28, 10, 2, 17, 8, 11, 8, 6, 8, 9, 23, 8, 23, 12, 7, 4, 16, 37, 12, 5, 17, 8, 3, 3, 8, 3, 12, 41, 40, 46, 18, 12, 0, 7, 3, 5, 3, 12, 3, 0, 21, 0, 30, 5, 28, 1, 6, 8, 18, 32, 20, 7, 22, 13, 4, 14, 13, 13, 9, 17, 16, 17, 35, 6, 5, 4, 1, 8, 22, 5, 5, 4, 11, 7, 3, 15, 6, 18, 12, 14, 14, 15, 5, 1, 23, 10, 4, 10, 14, 4, 4, 3, 7, 0, 7, 3, 12, 19, 41, 10, 5, 3, 26, 10, 19, 6, 17, 13, 4, 8, 6, 4, 9, 13, 12, 6, 6, 3, 4, 2, 11, 3, 2, 15, 5, 2, 5, 11, 19, 1, 5, 2, 2, 8, 27, 6, 6, 8, 1, 8, 7, 10, 1, 38, 2, 24, 3, 5, 10, 1, 13, 14, 3, 17, 10, 15, 14, 3, 30, 19, 24, 9, 15, 13, 24, 7, 1, 16, 2, 19, 5, 3, 4, 3, 10, 18, 5, 7, 11, 4]"
13,2.5,13,"[23, 25, 17, 23, 12, 28, 4, 5, 16, 0, 5, 3, 22, 3, 6, 10, 9, 20, 3, 10, 8, 4, 31, 4, 25, 7, 5, 5, 39, 10, 8, 3, 10, 10, 12, 6, 10, 7, 11, 1, 13, 1, 1, 6, 22, 8, 3, 6, 9, 8, 3, 11, 6, 3, 3, 11, 3, 12, 9, 8, 33, 4, 20, 6, 6, 4, 27, 0, 9, 3, 21, 10, 13, 3, 7, 4, 9, 9, 5, 5, 8, 10, 8, 11, 9, 15, 2, 16, 4, 29, 5, 4, 8, 29, 15, 14, 8, 10, 14, 5, 6, 15, 11, 10, 7, 1, 7, 19, 2, 70, 9, 56, 11, 3, 32, 6, 35, 6, 4, 13, 6, 5, 8, 8, 9, 6, 12, 13, 3, 6, 5, 3, 32, 3, 15, 28, 5, 11, 8, 2, 7, 14, 26, 18, 6, 5, 13, 11, 24, 10, 20, 12, 29, 22, 5, 23, 8, 5, 32, 7, 3, 13, 10, 15, 23, 14, 6, 19, 4, 5, 11, 3, 5, 16, 19, 0, 50, 11, 17, 4, 13, 6, 7, 12, 12, 9, 24, 9, 8, 5, 22, 16, 6, 12, 2, 4, 5, 10, 8, 6, 9, 19, 4, 7, 5, 6, 6, 10, 10, 7, 6, 9, 10, 4, 21, 4, 9, 8, 2, 8, 14, 5, 5, 3, 8, 26, 2, 3, 10, 9, 9, 18, 9, 5, 5, 11, 13, 6, 12, 9, 16, 2, 25, 4, 19, 6, 36, 7, 3, 14, 0, 6, 2, 15, 12, 11, 17, 5, 13, 4, 10, 7, 10, 3, 7, 6, 4, 9, 4, 8, 10, 8, 5, 3, 6, 3, 17, 8, 13, 3, 11, 8, 9, 19, 24, 13, 17, 21, 6, 33, 3, 7, 21, 9, 3, 2, 16, 7, 17, 1, 24, 24, 9, 28, 3, 2, 10, 11, 15, 11, 13, 7, 2, 6, 17, 1, 12, 12, 45, 4, 25, 6, 8, 27, 45, 19, 15, 4, 10, 4, 10, 17, 21, 5, 16, 11, 5, 2, 14, 28, 7, 12, 6, 3, 8, 11, 7, 10, 27, 5, 1, 21, 7, 8, 28, 8, 20, 23, 2, 16, 10, 22, 14, 6, 4, 18, 9, 9, 4, 21, 3, 6, 4, 4, 5, 12, 4, 14, 4, 3, 10, 5, 4, 13, 14, 22, 12, 8, 14, 17, 13, 2, 13, 5, 5, 18, 1, 1, 24, 3, 16, 4, 2, 33, 3, 12, 1, 9, 5, 30, 6, 5, 3, 16, 13, 32, 2, 3, 6, 14, 5, 11, 13, 13, 10, 4, 4, 5, 1, 5, 30, 13, 7, 2, 3, 3, 21, 11, 42, 10, 25, 4, 25, 6, 14, 40, 15, 6, 13, 6, 6, 10, 14, 4, 32, 16, 13, 23, 25, 9, 21, 13, 10, 4, 4, 25, 4, 3, 10, 23, 12, 23, 10, 16, 6, 4, 13, 3, 12, 6, 1, 3, 4, 3, 28, 3, 10, 10, 22, 31, 15, 22, 17, 4, 39, 6, 11, 16, 10, 9, 2, 3, 5, 5, 8, 5, 3, 7, 4, 12, 5, 8, 7, 24, 9, 7, 7, 3, 5, 28, 6, 12, 4, 31, 10, 4, 4, 6, 5, 8, 4, 26, 2, 7, 39, 10, 13, 11, 6, 7, 2, 3, 3, 0, 16, 4, 28, 3, 7, 10, 15, 49, 16, 2, 9, 5, 1, 2, 12, 9, 8, 4, 3, 9, 47, 62, 5, 2, 4, 8, 19, 12, 5, 2, 11, 1, 5, 39, 10, 26, 15, 5, 18, 5, 3, 8, 31, 4, 5, 4, 11, 7, 11, 2, 21, 9, 18, 20, 10, 51, 40, 7, 6, 7, 22, 4, 5, 2, 32, 2, 53, 8, 9, 15, 15, 15, 5, 7, 11, 12, 6, 2, 2, 7, 10, 25, 12, 1, 10, 9, 4, 18, 3, 2, 6, 6, 6, 4, 14, 22, 8, 16, 6, 12, 15, 9, 7, 13, 4, 30, 12, 11, 13, 18, 6, 22, 8, 2, 3, 3, 2, 6, 23, 8, 4, 10, 9, 11, 20, 36, 5, 26, 3, 3, 5, 8, 5, 10, 25, 3, 15, 11, 12, 10, 8, 23, 16, 2, 8, 12, 9, 13, 3, 2, 5, 18, 5, 47, 15, 2, 4, 2, 55, 6, 27, 8, 3, 11, 3, 4, 31, 9, 8, 5, 11, 6, 13, 9, 3, 6, 3, 19, 1, 23, 9, 8, 4, 9, 3, 7, 7, 10, 4, 26, 12, 11, 6, 10, 51, 22, 3, 15, 27, 9, 10]"
14,2.5,14,"[3, 12, 19, 11, 8, 9, 20, 24, 6, 12, 0, 9, 2, 17, 9, 17, 30, 6, 16, 41, 14, 1, 16, 14, 8, 10, 6, 8, 12, 7, 9, 4, 14, 5, 18, 0, 7, 6, 11, 9, 4, 7, 17, 12, 6, 6, 38, 4, 13, 7, 1, 1, 8, 8, 5, 5, 10, 17, 13, 11, 33, 2, 5, 2, 1, 4, 4, 10, 38, 42, 10, 12, 11, 5, 6, 10, 10, 10, 3, 20, 18, 3, 4, 4, 8, 11, 10, 27, 16, 2, 8, 3, 35, 8, 2, 4, 3, 8, 5, 28, 7, 10, 15, 5, 13, 28, 13, 42, 23, 15, 5, 11, 1, 20, 5, 9, 7, 5, 10, 5, 19, 1, 4, 12, 1, 7, 6, 15, 5, 8, 20, 9, 4, 7, 13, 10, 1, 3, 3, 16, 7, 4, 8, 9, 3, 4, 6, 9, 16, 14, 5, 8, 4, 4, 18, 12, 2, 17, 21, 9, 7, 11, 13, 3, 6, 5, 13, 2, 26, 9, 5, 5, 15, 13, 5, 31, 8, 7, 3, 3, 13, 5, 18, 7, 19, 5, 3, 6, 10, 7, 23, 16, 5, 9, 16, 10, 25, 5, 3, 16, 9, 14, 4, 21, 3, 4, 7, 14, 4, 15, 33, 18, 3, 13, 2, 8, 9, 13, 8, 8, 5, 12, 3, 4, 1, 11, 7, 11, 11, 13, 5, 10, 11, 9, 17, 28, 3, 9, 3, 11, 12, 19, 30, 9, 5, 17, 33, 20, 11, 14, 16, 5, 3, 66, 11, 15, 13, 1, 3, 15, 38, 13, 8, 3, 15, 3, 7, 4, 8, 8, 21, 13, 15, 9, 26, 8, 36, 25, 7, 6, 5, 12, 16, 3, 9, 2, 12, 20, 24, 13, 6, 7, 11, 14, 1, 9, 17, 19, 8, 1, 6, 27, 13, 15, 16, 6, 17, 4, 8, 11, 13, 2, 4, 8, 12, 23, 5, 12, 7, 8, 1, 8, 14, 9, 11, 3, 5, 7, 16, 26, 4, 4, 7, 19, 7, 9, 6, 2, 24, 24, 13, 5, 41, 13, 10, 7, 6, 5, 15, 1, 7, 5, 13, 16, 4, 18, 2, 5, 7, 9, 36, 8, 48, 9, 4, 1, 15, 3, 12, 17, 19, 9, 6, 5, 11, 3, 25, 6, 4, 12, 26, 3, 6, 4, 6, 4, 10, 4, 40, 4, 15, 18, 17, 8, 7, 27, 9, 15, 7, 3, 12, 3, 1, 6, 30, 6, 6, 10, 3, 21, 3, 27, 4, 5, 6, 10, 28, 2, 4, 12, 5, 3, 2, 6, 13, 2, 8, 13, 22, 6, 28, 6, 59, 15, 5, 28, 24, 6, 2, 3, 8, 3, 7, 4, 24, 8, 18, 9, 20, 4, 6, 8, 32, 10, 6, 3, 4, 6, 2, 9, 5, 7, 12, 16, 16, 17, 1, 10, 16, 16, 4, 19, 9, 5, 24, 8, 5, 16, 11, 11, 8, 19, 2, 15, 16, 13, 7, 12, 11, 11, 6, 3, 7, 13, 1, 24, 5, 5, 5, 18, 8, 4, 25, 9, 1, 9, 11, 5, 1, 9, 19, 34, 31, 11, 22, 6, 17, 6, 2, 2, 4, 2, 31, 14, 9, 3, 25, 22, 13, 29, 3, 25, 4, 38, 7, 48, 44, 1, 7, 9, 6, 18, 17, 3, 1, 14, 6, 42, 34, 2, 17, 6, 45, 7, 23, 7, 3, 9, 12, 5, 15, 7, 2, 5, 2, 52, 14, 11, 7, 34, 4, 11, 14, 9, 3, 8, 6, 4, 3, 9, 3, 9, 7, 9, 37, 7, 8, 33, 57, 2, 4, 5, 8, 8, 13, 17, 3, 3, 6, 4, 38, 9, 23, 10, 14, 3, 7, 7, 7, 12, 7, 14, 27, 17, 8, 3, 8, 9, 4, 10, 11, 14, 12, 5, 17, 15, 16, 12, 20, 6, 33, 17, 9, 11, 17, 11, 8, 12, 3, 25, 9, 5, 15, 6, 6, 22, 10, 8, 4, 14, 6, 3, 4, 12, 24, 8, 23, 9, 8, 13, 7, 6, 7, 26, 17, 21, 18, 6, 9, 3, 24, 3, 14, 18, 11, 33, 3, 11, 6, 6, 15, 10, 4, 7, 4, 4, 18, 10, 26, 7, 6, 13, 18, 4, 3, 7, 6, 13, 3, 5, 10, 3, 24, 6, 4, 5, 5, 10, 16, 17, 9, 5, 20, 9, 5, 10, 15, 26, 7, 14, 20, 8, 9, 7, 21, 21, 7, 5, 21, 3, 3, 19, 16, 29, 3, 14, 7, 12, 2, 6, 14, 35, 30, 5, 11]"
