,beta,Run,Population
0,0.1,0,"[3, 6, 15, 4, 8, 3, 10, 9, 5, 4, 7, 2, 5, 12, 13, 14, 41, 7, 13, 11, 8, 10, 6, 6, 8, 8, 2, 15, 6, 42, 1, 12, 10, 3, 6, 10, 4, 13, 5, 16, 6, 8, 11, 20, 6, 12, 2, 21, 9, 5, 9, 48, 33, 3, 12, 6, 1, 20, 20, 8, 4, 5, 15, 2, 8, 21, 32, 10, 2, 9, 5, 14, 4, 0, 8, 22, 7, 9, 8, 9, 3, 14, 5, 12, 40, 3, 14, 3, 12, 15, 28, 19, 14, 3, 3, 8, 10, 10, 6, 6, 4, 3, 7, 4, 8, 11, 14, 3, 12, 38, 8, 4, 21, 22, 8, 7, 10, 10, 6, 15, 17, 2, 8, 11, 8, 7, 7, 21, 8, 28, 22, 19, 20, 10, 6, 12, 6, 7, 16, 1, 11, 10, 3, 9, 10, 5, 23, 17, 32, 1, 6, 5, 18, 8, 22, 5, 6, 3, 4, 7, 8, 5, 4, 7, 6, 11, 6, 1, 11, 17, 4, 9, 2, 9, 18, 13, 10, 13, 28, 16, 16, 4, 25, 2, 13, 18, 13, 16, 12, 18, 61, 14, 4, 10, 4, 4, 14, 7, 3, 15, 5, 8, 4, 14, 9, 15, 4, 13, 7, 7, 10, 2, 15, 1, 12, 17, 4, 6, 15, 4, 18, 8, 11, 1, 7, 19, 7, 13, 16, 6, 7, 10, 17, 21, 13, 15, 5, 2, 7, 3, 20, 11, 17, 5, 4, 9, 33, 10, 6, 5, 13, 13, 3, 27, 2, 2, 6, 4, 4, 2, 3, 8, 7, 28, 23, 12, 6, 5, 1, 18, 10, 8, 10, 5, 4, 4, 36, 14, 7, 9, 5, 17, 20, 20, 4, 9, 7, 11, 7, 6, 13, 4, 5, 20, 2, 7, 17, 3, 3, 10, 13, 9, 4, 9, 8, 16, 25, 17, 4, 10, 24, 4, 21, 9, 4, 15, 27, 4, 11, 33, 6, 8, 8, 11, 22, 6, 12, 4, 1, 25, 1, 8, 7, 12, 6, 18, 2, 10, 4, 37, 4, 8, 20, 3, 4, 16, 3, 9, 7, 6, 4, 5, 6, 1, 15, 5, 14, 3, 15, 21, 5, 1, 23, 4, 5, 2, 14, 3, 4, 6, 9, 10, 9, 16, 12, 10, 4, 7, 25, 35, 13, 22, 7, 12, 13, 30, 4, 37, 9, 3, 2, 7, 11, 10, 1, 14, 3, 13, 4, 15, 18, 4, 11, 4, 3, 8, 10, 60, 13, 9, 4, 9, 26, 4, 7, 14, 7, 8, 9, 7, 5, 2, 1, 13, 27, 26, 29, 50, 15, 5, 4, 10, 14, 57, 14, 43, 13, 6, 3, 4, 4, 8, 35, 39, 31, 5, 19, 3, 11, 19, 4, 3, 8, 21, 11, 4, 6, 31, 9, 46, 17, 27, 3, 10, 6, 3, 5, 0, 18, 13, 6, 6, 8, 3, 10, 65, 20, 31, 2, 11, 5, 6, 5, 13, 14, 9, 9, 4, 4, 15, 8, 10, 9, 24, 33, 14, 19, 7, 12, 6, 9, 5, 20, 23, 17, 8, 11, 3, 4, 11, 7, 10, 2, 5, 5, 7, 5, 9, 10, 1, 15, 5, 6, 7, 18, 11, 10, 15, 9, 2, 7, 21, 3, 15, 3, 7, 17, 5, 10, 7, 32, 7, 19, 5, 35, 9, 10, 16, 5, 12, 12, 5, 11, 19, 8, 7, 4, 13, 5, 6, 9, 13, 3, 49, 5, 9, 42, 6, 15, 5, 2, 3, 14, 7, 53, 10, 21, 10, 13, 5, 30, 2, 26, 5, 2, 4, 4, 5, 8, 4, 2, 4, 25, 1, 3, 8, 5, 9, 18, 9, 5, 4, 5, 0, 11, 8, 1, 3, 8, 20, 8, 6, 36, 9, 5, 10, 5, 2, 14, 13, 7, 5, 5, 8, 7, 25, 20, 22, 12, 10, 34, 19, 13, 32, 32, 8, 2, 6, 3, 16, 11, 4, 14, 5, 9, 8, 38, 2, 4, 5, 13, 13, 4, 15, 6, 9, 1, 11, 8, 18, 3, 13, 16, 8, 5, 27, 15, 9, 4, 18, 11, 12, 9, 13, 6, 7, 2, 8, 33, 11, 7, 22, 5, 13, 13, 18, 7, 10, 8, 15, 3, 11, 3, 6, 6, 6, 4, 17, 2, 13, 3, 6, 4, 29, 16, 8, 5, 8, 23, 4, 9, 6, 15, 23, 13, 9, 4, 22, 3, 4, 27, 6, 10, 16, 19, 7, 4, 4, 11, 28, 11, 6, 8, 10, 1, 39, 6, 3, 3, 6, 2, 4, 27, 15, 5]"
1,0.1,1,"[13, 16, 12, 2, 29, 40, 8, 27, 7, 0, 9, 16, 12, 2, 21, 7, 13, 5, 2, 10, 8, 13, 7, 21, 5, 8, 11, 19, 9, 11, 4, 2, 5, 15, 8, 4, 5, 10, 7, 27, 11, 6, 1, 6, 2, 7, 15, 12, 2, 31, 11, 12, 10, 8, 10, 21, 12, 8, 27, 20, 3, 2, 11, 4, 6, 13, 5, 8, 0, 3, 17, 16, 30, 3, 9, 5, 12, 4, 3, 2, 12, 7, 3, 5, 5, 6, 13, 8, 7, 4, 7, 24, 1, 8, 4, 1, 2, 27, 5, 10, 8, 8, 16, 8, 8, 13, 30, 18, 15, 11, 11, 17, 30, 28, 5, 2, 11, 12, 9, 39, 14, 16, 26, 7, 10, 9, 3, 3, 22, 13, 3, 14, 9, 3, 19, 8, 19, 9, 14, 1, 7, 11, 5, 9, 11, 2, 23, 7, 7, 7, 3, 15, 7, 18, 8, 12, 2, 8, 30, 17, 8, 6, 12, 11, 12, 17, 32, 2, 1, 9, 6, 23, 7, 11, 4, 18, 2, 6, 17, 10, 21, 4, 3, 7, 1, 3, 33, 16, 22, 20, 9, 1, 4, 4, 23, 6, 14, 9, 18, 5, 10, 1, 7, 3, 2, 12, 25, 6, 15, 1, 4, 4, 10, 2, 5, 11, 5, 2, 9, 2, 17, 4, 18, 11, 8, 11, 25, 20, 3, 7, 8, 6, 6, 31, 0, 15, 24, 4, 9, 19, 30, 10, 4, 19, 9, 5, 4, 3, 2, 3, 2, 19, 30, 18, 8, 8, 5, 10, 15, 9, 23, 24, 2, 8, 28, 6, 15, 6, 12, 24, 5, 17, 24, 3, 13, 6, 3, 2, 11, 1, 12, 5, 2, 3, 6, 2, 11, 14, 6, 3, 8, 10, 10, 26, 9, 2, 14, 7, 6, 26, 5, 4, 11, 11, 9, 12, 3, 16, 8, 4, 1, 24, 17, 40, 8, 3, 20, 7, 33, 2, 16, 15, 13, 12, 4, 18, 3, 10, 15, 19, 2, 14, 6, 5, 24, 8, 8, 5, 4, 13, 14, 23, 14, 10, 5, 8, 35, 8, 26, 16, 10, 21, 24, 3, 11, 5, 7, 12, 6, 13, 11, 7, 2, 20, 5, 7, 17, 7, 1, 14, 4, 19, 18, 14, 8, 9, 11, 10, 21, 11, 35, 11, 12, 6, 11, 5, 10, 6, 3, 7, 3, 7, 17, 4, 11, 25, 12, 2, 29, 7, 23, 5, 19, 4, 7, 3, 6, 4, 19, 2, 3, 11, 13, 8, 10, 31, 43, 8, 26, 13, 4, 3, 20, 7, 16, 4, 1, 12, 20, 37, 15, 1, 14, 25, 5, 9, 8, 2, 15, 22, 5, 31, 9, 19, 22, 2, 14, 18, 41, 1, 12, 19, 6, 5, 15, 3, 45, 9, 2, 5, 4, 13, 11, 15, 3, 15, 1, 18, 6, 16, 18, 28, 2, 7, 7, 36, 7, 4, 16, 8, 10, 9, 6, 12, 12, 12, 8, 2, 7, 18, 28, 7, 5, 4, 10, 17, 8, 8, 3, 8, 21, 5, 1, 18, 12, 18, 4, 8, 6, 7, 13, 21, 14, 30, 9, 4, 4, 6, 1, 9, 8, 3, 15, 23, 8, 14, 9, 2, 15, 1, 7, 6, 11, 17, 13, 2, 6, 11, 16, 11, 19, 6, 17, 5, 10, 27, 4, 5, 3, 4, 5, 7, 3, 5, 6, 20, 23, 14, 22, 6, 4, 32, 4, 15, 16, 11, 2, 24, 4, 18, 7, 0, 13, 6, 20, 13, 1, 23, 6, 12, 12, 10, 3, 14, 37, 7, 11, 5, 75, 9, 13, 14, 13, 11, 6, 4, 8, 43, 11, 7, 5, 11, 3, 5, 18, 5, 45, 16, 34, 2, 5, 32, 5, 3, 5, 8, 5, 5, 18, 12, 3, 5, 5, 3, 5, 30, 15, 9, 8, 5, 10, 18, 20, 16, 8, 7, 5, 2, 8, 24, 22, 26, 15, 31, 9, 8, 14, 4, 1, 40, 2, 4, 4, 7, 30, 15, 1, 3, 4, 10, 6, 7, 3, 44, 3, 3, 15, 10, 2, 3, 20, 3, 4, 10, 15, 6, 8, 22, 6, 9, 1, 10, 6, 11, 10, 21, 4, 8, 11, 8, 15, 20, 1, 15, 27, 3, 27, 10, 8, 1, 4, 4, 4, 25, 12, 7, 3, 14, 3, 3, 24, 3, 8, 25, 4, 5, 14, 5, 47, 12, 1, 4, 12, 8, 0, 5, 11, 6, 13, 21, 3, 27, 5, 6, 6, 1, 14, 8, 31, 14, 3, 6, 18, 27, 5]"
2,0.1,2,"[8, 3, 2, 2, 7, 11, 7, 0, 13, 10, 8, 3, 4, 2, 15, 11, 2, 7, 15, 21, 2, 11, 12, 21, 6, 4, 7, 12, 29, 3, 7, 14, 20, 6, 8, 10, 18, 21, 12, 10, 7, 1, 5, 4, 5, 7, 11, 12, 20, 25, 11, 4, 6, 47, 20, 15, 39, 4, 9, 6, 4, 6, 16, 30, 18, 4, 39, 31, 25, 2, 3, 38, 9, 5, 7, 9, 13, 11, 6, 10, 8, 11, 8, 11, 6, 9, 7, 11, 20, 23, 8, 3, 23, 1, 9, 8, 13, 11, 9, 14, 11, 4, 10, 5, 7, 19, 8, 21, 2, 8, 3, 7, 6, 4, 12, 3, 13, 5, 10, 26, 3, 23, 3, 7, 30, 4, 6, 3, 5, 4, 19, 6, 17, 4, 5, 22, 9, 19, 6, 5, 24, 6, 4, 25, 4, 4, 24, 22, 12, 13, 3, 11, 7, 11, 9, 5, 6, 27, 11, 17, 36, 3, 28, 3, 4, 8, 6, 6, 12, 5, 7, 9, 8, 2, 6, 15, 13, 9, 22, 10, 7, 4, 12, 5, 9, 4, 17, 29, 32, 17, 5, 11, 4, 8, 4, 13, 4, 11, 8, 4, 5, 2, 20, 2, 13, 1, 9, 8, 8, 8, 37, 21, 12, 9, 6, 10, 8, 6, 1, 6, 15, 6, 10, 25, 14, 5, 5, 10, 17, 25, 26, 16, 14, 12, 8, 5, 2, 8, 2, 7, 24, 3, 15, 2, 16, 4, 26, 4, 21, 5, 11, 20, 7, 12, 6, 2, 38, 9, 9, 14, 2, 7, 6, 9, 18, 6, 4, 7, 23, 3, 7, 7, 15, 2, 3, 11, 21, 12, 6, 7, 0, 31, 15, 11, 8, 7, 4, 18, 6, 4, 12, 6, 19, 4, 9, 9, 6, 18, 8, 31, 5, 15, 8, 15, 17, 4, 6, 9, 8, 8, 4, 10, 4, 16, 15, 11, 16, 14, 24, 14, 11, 10, 10, 12, 16, 19, 8, 19, 1, 3, 1, 11, 6, 14, 2, 4, 5, 5, 8, 10, 8, 15, 21, 2, 6, 17, 7, 2, 15, 14, 8, 23, 12, 9, 21, 15, 4, 16, 20, 5, 16, 12, 11, 21, 6, 15, 19, 21, 8, 8, 3, 11, 5, 5, 6, 3, 3, 5, 20, 35, 5, 9, 7, 7, 12, 6, 15, 46, 6, 2, 10, 10, 14, 5, 12, 47, 42, 5, 5, 4, 4, 1, 2, 4, 7, 4, 7, 2, 3, 14, 6, 20, 4, 6, 4, 4, 12, 5, 4, 4, 4, 5, 11, 18, 18, 14, 25, 15, 3, 2, 8, 26, 5, 17, 6, 12, 12, 25, 12, 2, 24, 4, 3, 4, 16, 5, 11, 9, 39, 17, 2, 21, 8, 1, 4, 5, 10, 3, 6, 27, 36, 29, 11, 10, 6, 13, 6, 5, 7, 9, 34, 6, 4, 8, 1, 19, 5, 5, 67, 5, 3, 2, 13, 5, 5, 17, 8, 15, 4, 8, 17, 11, 16, 3, 10, 9, 11, 2, 10, 4, 12, 18, 7, 5, 7, 10, 8, 11, 12, 17, 7, 4, 17, 8, 2, 9, 4, 11, 7, 9, 3, 46, 1, 23, 9, 4, 16, 11, 3, 5, 19, 2, 3, 4, 18, 11, 35, 18, 4, 1, 20, 26, 21, 5, 3, 4, 4, 1, 33, 2, 12, 19, 32, 3, 2, 22, 3, 15, 11, 5, 7, 19, 9, 10, 32, 5, 10, 8, 0, 56, 21, 7, 5, 30, 10, 43, 3, 4, 8, 26, 8, 2, 40, 14, 3, 7, 49, 5, 12, 12, 4, 29, 49, 2, 4, 51, 1, 8, 4, 5, 18, 2, 14, 13, 3, 6, 31, 3, 4, 3, 34, 7, 2, 3, 4, 17, 4, 7, 27, 2, 4, 1, 5, 4, 8, 11, 14, 11, 10, 4, 6, 19, 3, 28, 4, 8, 2, 25, 1, 23, 5, 10, 27, 25, 22, 24, 2, 41, 17, 11, 5, 8, 0, 19, 5, 3, 2, 8, 10, 24, 14, 17, 4, 9, 5, 17, 11, 8, 4, 9, 2, 19, 32, 28, 18, 2, 5, 6, 4, 3, 25, 5, 10, 20, 11, 4, 16, 4, 37, 9, 8, 3, 12, 3, 7, 14, 19, 3, 8, 17, 26, 42, 8, 15, 9, 5, 5, 13, 7, 3, 9, 8, 3, 2, 16, 4, 9, 20, 12, 11, 0, 26, 12, 4, 2, 4, 7, 12, 7, 7, 14, 6, 2, 39, 7, 3, 2, 51, 8, 13, 12, 10, 12, 4, 3]"
3,0.1,3,"[13, 1, 17, 5, 3, 8, 5, 14, 15, 12, 3, 9, 19, 13, 4, 6, 6, 36, 16, 13, 5, 20, 44, 11, 28, 8, 3, 14, 8, 6, 4, 10, 3, 5, 4, 7, 16, 23, 7, 10, 2, 14, 2, 11, 5, 15, 5, 12, 20, 1, 29, 9, 4, 32, 30, 6, 4, 9, 21, 20, 16, 5, 4, 18, 4, 7, 12, 7, 11, 43, 3, 4, 6, 2, 9, 8, 4, 12, 18, 6, 5, 5, 17, 18, 36, 8, 15, 6, 13, 11, 18, 6, 0, 1, 10, 17, 2, 10, 32, 9, 5, 7, 4, 8, 14, 5, 7, 13, 3, 20, 4, 5, 21, 1, 12, 6, 34, 9, 4, 6, 2, 12, 6, 8, 14, 11, 2, 25, 11, 28, 2, 5, 2, 3, 13, 5, 3, 4, 4, 23, 19, 4, 8, 3, 12, 6, 5, 22, 6, 5, 25, 12, 4, 7, 29, 14, 14, 14, 11, 45, 7, 2, 6, 10, 5, 7, 18, 7, 15, 0, 19, 8, 16, 12, 9, 10, 2, 15, 14, 31, 13, 5, 9, 5, 26, 3, 3, 32, 18, 4, 8, 9, 6, 32, 8, 6, 32, 12, 3, 7, 20, 1, 7, 9, 4, 7, 4, 13, 8, 10, 19, 19, 2, 7, 2, 14, 28, 17, 5, 19, 16, 8, 5, 18, 14, 9, 9, 18, 12, 3, 12, 2, 11, 50, 4, 16, 32, 2, 9, 7, 8, 8, 2, 28, 8, 5, 21, 9, 5, 5, 18, 19, 13, 3, 7, 5, 11, 3, 22, 17, 13, 3, 10, 6, 9, 14, 8, 0, 17, 7, 15, 15, 25, 8, 4, 4, 4, 16, 9, 1, 3, 8, 15, 6, 14, 13, 2, 9, 13, 14, 6, 10, 12, 4, 11, 2, 15, 26, 13, 6, 6, 7, 14, 2, 14, 4, 3, 14, 28, 4, 28, 4, 1, 17, 18, 10, 22, 6, 14, 4, 14, 9, 7, 5, 3, 8, 19, 5, 6, 6, 6, 9, 11, 11, 31, 17, 30, 5, 5, 2, 3, 14, 5, 2, 19, 2, 12, 18, 5, 2, 9, 4, 20, 8, 9, 13, 18, 15, 4, 7, 2, 26, 50, 24, 4, 8, 11, 19, 1, 13, 0, 10, 7, 4, 17, 8, 3, 10, 20, 31, 16, 11, 9, 13, 10, 3, 10, 10, 25, 3, 9, 5, 11, 3, 6, 21, 25, 10, 25, 5, 5, 9, 10, 6, 1, 0, 2, 7, 15, 12, 5, 5, 10, 13, 9, 5, 24, 4, 14, 5, 5, 33, 17, 3, 10, 3, 12, 8, 15, 22, 23, 25, 32, 4, 3, 9, 1, 33, 7, 2, 27, 23, 11, 8, 3, 22, 7, 9, 3, 22, 4, 33, 4, 1, 9, 9, 6, 12, 2, 8, 8, 24, 4, 12, 4, 7, 3, 13, 11, 11, 6, 1, 4, 4, 8, 6, 6, 7, 2, 7, 8, 4, 3, 14, 3, 9, 11, 7, 14, 2, 11, 12, 18, 13, 4, 13, 5, 3, 4, 53, 2, 8, 7, 18, 11, 6, 9, 3, 5, 1, 13, 19, 10, 10, 7, 9, 5, 8, 2, 12, 18, 13, 12, 4, 5, 8, 3, 9, 17, 2, 2, 17, 6, 6, 8, 6, 6, 6, 24, 3, 3, 23, 3, 16, 4, 13, 5, 36, 7, 24, 1, 12, 8, 25, 12, 1, 21, 8, 15, 8, 24, 16, 3, 11, 2, 11, 18, 5, 21, 12, 7, 52, 23, 6, 6, 10, 18, 4, 2, 7, 29, 16, 34, 44, 19, 4, 9, 10, 2, 3, 3, 2, 17, 3, 8, 18, 0, 7, 11, 9, 18, 3, 8, 13, 5, 23, 62, 21, 6, 2, 7, 18, 10, 50, 3, 5, 3, 5, 15, 25, 33, 16, 4, 18, 10, 9, 11, 17, 4, 37, 14, 9, 19, 5, 8, 9, 6, 9, 15, 11, 12, 4, 8, 5, 6, 7, 11, 13, 8, 12, 4, 7, 6, 14, 7, 9, 5, 12, 13, 7, 12, 8, 2, 8, 23, 25, 6, 21, 27, 4, 10, 9, 15, 11, 3, 8, 10, 6, 10, 5, 2, 7, 27, 11, 9, 10, 18, 21, 18, 7, 2, 8, 7, 6, 5, 2, 51, 12, 17, 7, 6, 5, 3, 5, 19, 4, 4, 7, 4, 41, 13, 3, 4, 15, 5, 25, 2, 17, 6, 20, 8, 13, 10, 7, 3, 13, 12, 12, 15, 23, 43, 16, 15, 22, 9, 3, 29, 22, 4, 10, 14, 18, 7, 5, 14]"
4,0.1,4,"[10, 8, 3, 8, 8, 9, 11, 13, 7, 10, 5, 19, 13, 6, 3, 4, 32, 8, 12, 14, 11, 7, 8, 5, 18, 6, 5, 7, 4, 21, 7, 9, 5, 4, 7, 8, 13, 8, 12, 9, 9, 23, 6, 3, 5, 11, 6, 24, 28, 22, 12, 8, 8, 11, 6, 9, 9, 13, 3, 32, 38, 1, 5, 3, 6, 21, 19, 6, 7, 10, 8, 7, 15, 4, 16, 2, 4, 1, 46, 24, 14, 10, 2, 18, 4, 5, 6, 10, 7, 20, 10, 4, 22, 8, 8, 6, 14, 19, 27, 6, 7, 3, 5, 9, 7, 23, 25, 30, 4, 16, 3, 2, 2, 2, 27, 23, 32, 4, 5, 1, 17, 11, 2, 6, 3, 7, 8, 3, 4, 9, 8, 13, 12, 3, 42, 16, 9, 4, 5, 9, 5, 3, 5, 3, 4, 16, 13, 13, 0, 4, 20, 7, 18, 2, 6, 21, 7, 6, 7, 12, 2, 1, 23, 3, 20, 5, 4, 10, 5, 45, 6, 2, 11, 5, 33, 8, 9, 7, 7, 16, 0, 13, 6, 2, 6, 11, 11, 7, 19, 2, 14, 6, 8, 17, 9, 7, 17, 11, 1, 12, 6, 2, 7, 19, 12, 3, 12, 4, 7, 11, 14, 13, 11, 5, 9, 23, 8, 7, 12, 21, 8, 5, 16, 23, 10, 25, 0, 10, 11, 8, 2, 7, 3, 8, 13, 15, 21, 15, 6, 11, 14, 11, 6, 7, 29, 13, 5, 20, 5, 7, 6, 6, 11, 27, 34, 4, 6, 8, 2, 7, 13, 7, 4, 5, 11, 4, 9, 9, 7, 6, 3, 8, 16, 4, 13, 9, 9, 5, 9, 2, 16, 12, 21, 11, 6, 9, 14, 11, 5, 32, 25, 4, 15, 8, 5, 13, 3, 4, 9, 1, 8, 11, 11, 4, 11, 43, 3, 11, 20, 12, 15, 21, 10, 12, 11, 8, 40, 40, 9, 11, 2, 7, 8, 9, 8, 9, 4, 10, 8, 4, 5, 1, 16, 4, 5, 5, 16, 9, 13, 8, 11, 1, 19, 11, 2, 6, 12, 18, 7, 2, 4, 11, 2, 4, 13, 8, 9, 13, 7, 5, 10, 7, 16, 22, 5, 2, 6, 27, 21, 8, 2, 25, 19, 20, 8, 13, 12, 3, 19, 17, 26, 8, 8, 21, 2, 44, 17, 3, 3, 0, 0, 5, 8, 3, 5, 11, 4, 4, 11, 2, 4, 4, 18, 6, 20, 4, 4, 9, 18, 27, 3, 10, 11, 3, 7, 7, 39, 12, 9, 23, 8, 2, 3, 48, 5, 15, 16, 37, 8, 8, 32, 4, 3, 6, 6, 32, 16, 21, 8, 3, 4, 3, 22, 6, 10, 7, 19, 8, 17, 6, 7, 48, 11, 15, 6, 7, 1, 0, 7, 12, 4, 15, 8, 19, 13, 4, 5, 5, 26, 22, 17, 8, 10, 11, 3, 75, 8, 6, 8, 5, 7, 4, 5, 8, 16, 3, 6, 0, 23, 18, 17, 5, 7, 24, 6, 7, 8, 4, 7, 5, 10, 12, 5, 14, 23, 1, 10, 5, 5, 18, 35, 4, 12, 7, 8, 16, 16, 4, 10, 6, 8, 3, 6, 7, 29, 2, 13, 8, 5, 7, 5, 13, 7, 4, 50, 9, 7, 4, 31, 14, 4, 41, 13, 6, 3, 17, 20, 13, 58, 26, 11, 10, 53, 2, 4, 5, 7, 8, 5, 5, 32, 40, 19, 2, 7, 28, 13, 24, 8, 4, 25, 1, 8, 13, 4, 4, 13, 10, 14, 3, 2, 12, 1, 3, 22, 15, 23, 20, 4, 11, 34, 5, 40, 10, 11, 6, 22, 9, 5, 21, 5, 14, 6, 6, 5, 11, 15, 11, 5, 17, 3, 0, 14, 6, 7, 7, 6, 20, 12, 8, 16, 6, 9, 8, 24, 14, 4, 6, 14, 9, 5, 12, 34, 25, 3, 5, 0, 11, 11, 1, 9, 25, 11, 7, 3, 11, 17, 2, 17, 34, 15, 4, 5, 6, 5, 10, 14, 11, 12, 6, 6, 2, 23, 3, 15, 2, 8, 8, 5, 7, 24, 17, 6, 1, 17, 10, 8, 24, 8, 9, 1, 18, 2, 9, 6, 11, 30, 10, 24, 22, 10, 3, 3, 2, 2, 3, 9, 11, 17, 27, 17, 41, 4, 13, 5, 5, 23, 16, 15, 16, 10, 2, 6, 9, 20, 18, 14, 24, 20, 23, 3, 12, 31, 2, 8, 4, 8, 13, 57, 10, 5, 7, 3, 17, 3, 6, 8, 13, 35, 6, 14, 24, 14, 17, 10]"
5,0.2,5,"[6, 2, 9, 7, 8, 9, 17, 25, 27, 5, 5, 14, 4, 7, 15, 6, 19, 5, 6, 5, 9, 3, 2, 10, 7, 11, 6, 10, 4, 15, 2, 1, 10, 5, 6, 6, 8, 5, 9, 24, 15, 22, 13, 1, 9, 17, 8, 3, 16, 26, 3, 7, 7, 7, 6, 37, 12, 3, 4, 28, 7, 2, 62, 6, 10, 24, 47, 9, 7, 9, 3, 11, 2, 7, 7, 10, 4, 23, 4, 6, 12, 23, 6, 8, 5, 10, 6, 5, 7, 13, 3, 6, 24, 6, 12, 2, 6, 30, 3, 14, 7, 3, 16, 1, 2, 16, 23, 7, 33, 13, 5, 5, 26, 12, 9, 14, 43, 2, 2, 10, 16, 6, 1, 4, 3, 11, 2, 21, 4, 7, 4, 5, 4, 6, 16, 9, 5, 6, 21, 16, 13, 2, 9, 17, 3, 19, 6, 22, 4, 20, 3, 2, 4, 9, 19, 38, 23, 7, 15, 6, 13, 5, 30, 17, 14, 22, 7, 18, 50, 12, 6, 2, 21, 7, 19, 9, 6, 9, 14, 4, 4, 7, 7, 5, 6, 11, 21, 36, 11, 5, 4, 9, 8, 4, 2, 7, 15, 4, 16, 2, 4, 12, 16, 4, 10, 15, 19, 4, 4, 11, 25, 23, 28, 3, 6, 2, 5, 9, 39, 27, 9, 10, 12, 9, 3, 0, 16, 13, 6, 16, 7, 24, 4, 26, 9, 10, 14, 4, 15, 15, 20, 10, 6, 7, 13, 5, 7, 3, 8, 17, 28, 4, 8, 5, 4, 15, 6, 11, 4, 21, 4, 20, 16, 22, 14, 9, 3, 26, 40, 13, 31, 8, 12, 6, 6, 0, 17, 7, 5, 5, 2, 8, 0, 13, 22, 2, 3, 6, 20, 9, 11, 8, 3, 23, 5, 5, 4, 6, 33, 7, 40, 5, 23, 23, 8, 6, 2, 11, 22, 41, 7, 13, 1, 12, 7, 14, 23, 6, 17, 20, 3, 6, 12, 23, 15, 2, 11, 10, 24, 6, 8, 4, 9, 12, 6, 3, 3, 3, 25, 37, 27, 5, 25, 8, 3, 7, 16, 7, 8, 8, 5, 1, 17, 6, 11, 27, 5, 3, 12, 6, 14, 20, 20, 15, 10, 6, 8, 24, 10, 5, 5, 31, 20, 2, 12, 13, 9, 9, 8, 31, 22, 6, 12, 11, 19, 38, 31, 2, 3, 11, 4, 18, 5, 18, 3, 1, 15, 6, 2, 4, 6, 7, 3, 11, 49, 1, 1, 8, 1, 13, 4, 10, 4, 20, 2, 26, 3, 16, 2, 11, 5, 7, 7, 10, 18, 26, 35, 8, 11, 17, 9, 1, 7, 19, 6, 1, 21, 8, 4, 4, 10, 30, 66, 4, 12, 28, 8, 7, 26, 28, 9, 20, 5, 6, 9, 36, 2, 18, 17, 6, 4, 20, 4, 9, 4, 3, 3, 52, 12, 22, 3, 22, 7, 8, 4, 8, 17, 4, 5, 18, 16, 7, 4, 13, 5, 8, 2, 11, 13, 19, 3, 19, 6, 10, 29, 9, 8, 14, 10, 25, 8, 2, 2, 10, 9, 2, 9, 5, 5, 17, 22, 3, 3, 6, 8, 2, 3, 21, 3, 2, 29, 9, 26, 9, 6, 7, 5, 11, 18, 7, 6, 7, 2, 4, 12, 9, 12, 31, 18, 5, 4, 12, 7, 17, 54, 3, 9, 2, 4, 29, 11, 9, 2, 20, 7, 23, 4, 9, 17, 8, 8, 10, 10, 14, 6, 2, 61, 8, 40, 8, 33, 6, 6, 11, 18, 8, 20, 6, 3, 26, 33, 27, 8, 32, 3, 13, 7, 3, 15, 10, 12, 14, 32, 3, 32, 35, 6, 30, 3, 5, 5, 8, 6, 7, 2, 6, 6, 28, 4, 22, 18, 9, 9, 0, 7, 10, 5, 23, 10, 27, 9, 4, 36, 17, 5, 6, 6, 6, 5, 11, 30, 22, 29, 33, 3, 25, 4, 27, 8, 28, 0, 4, 2, 27, 6, 3, 4, 22, 3, 33, 3, 15, 7, 3, 29, 6, 11, 3, 7, 14, 3, 4, 6, 20, 6, 5, 10, 9, 37, 6, 9, 3, 21, 19, 8, 18, 6, 7, 16, 7, 5, 11, 19, 1, 11, 16, 10, 5, 3, 15, 5, 6, 4, 7, 6, 20, 11, 22, 2, 4, 5, 13, 5, 18, 4, 4, 11, 28, 38, 12, 15, 7, 6, 9, 20, 1, 2, 13, 18, 14, 3, 16, 25, 16, 20, 1, 19, 7, 3, 10, 22, 4, 8, 43, 23, 24, 20, 4, 3, 41, 2, 20, 6, 1, 3]"
6,0.2,6,"[6, 3, 12, 16, 11, 4, 17, 5, 5, 17, 8, 2, 2, 4, 2, 8, 35, 5, 5, 26, 4, 7, 3, 21, 9, 11, 10, 1, 55, 17, 4, 6, 5, 17, 6, 25, 3, 4, 4, 7, 4, 4, 9, 10, 2, 15, 7, 8, 12, 7, 2, 4, 20, 6, 25, 4, 9, 8, 3, 5, 9, 18, 3, 19, 34, 12, 6, 2, 7, 3, 6, 22, 10, 4, 2, 8, 11, 5, 11, 2, 7, 3, 6, 18, 6, 4, 5, 9, 3, 9, 5, 14, 17, 5, 8, 25, 10, 11, 36, 14, 8, 8, 3, 3, 14, 36, 5, 8, 25, 4, 23, 10, 5, 32, 15, 4, 35, 18, 1, 3, 4, 30, 4, 4, 17, 2, 6, 17, 5, 6, 1, 7, 20, 4, 12, 1, 25, 5, 11, 32, 19, 3, 4, 4, 11, 18, 6, 0, 4, 12, 17, 7, 40, 17, 35, 8, 5, 4, 3, 25, 4, 2, 3, 12, 24, 5, 6, 4, 31, 3, 2, 7, 6, 16, 8, 11, 8, 1, 17, 23, 23, 2, 11, 6, 22, 13, 10, 22, 2, 16, 10, 31, 2, 15, 3, 2, 24, 26, 6, 15, 16, 9, 17, 3, 3, 5, 18, 13, 33, 6, 7, 18, 2, 1, 3, 30, 8, 2, 17, 6, 8, 8, 7, 9, 8, 7, 1, 30, 18, 10, 2, 2, 6, 8, 9, 15, 27, 13, 19, 18, 34, 5, 21, 9, 20, 25, 9, 7, 2, 4, 7, 11, 5, 37, 3, 10, 7, 8, 6, 19, 7, 10, 3, 13, 18, 3, 21, 1, 5, 21, 11, 21, 8, 8, 4, 16, 3, 13, 6, 24, 9, 8, 2, 23, 6, 9, 3, 11, 6, 10, 61, 10, 16, 4, 1, 12, 10, 4, 16, 9, 7, 4, 6, 6, 15, 66, 4, 15, 8, 8, 13, 27, 5, 6, 2, 32, 22, 29, 14, 24, 3, 4, 16, 13, 4, 5, 6, 9, 10, 4, 17, 3, 3, 15, 34, 36, 30, 4, 7, 15, 5, 4, 9, 28, 12, 6, 4, 19, 4, 16, 0, 12, 5, 17, 12, 7, 10, 21, 4, 10, 9, 30, 10, 6, 5, 11, 14, 13, 31, 9, 4, 16, 2, 8, 19, 7, 34, 7, 19, 11, 37, 8, 4, 6, 8, 35, 3, 9, 3, 5, 15, 3, 3, 1, 22, 4, 11, 7, 23, 4, 15, 8, 3, 16, 14, 4, 5, 13, 11, 14, 7, 7, 12, 15, 9, 4, 14, 8, 12, 9, 0, 6, 4, 15, 2, 6, 6, 13, 7, 24, 4, 14, 39, 4, 54, 13, 3, 17, 4, 1, 10, 30, 7, 4, 36, 4, 12, 44, 3, 13, 4, 2, 8, 35, 21, 34, 6, 1, 8, 6, 12, 18, 18, 2, 8, 6, 12, 10, 21, 11, 26, 24, 3, 29, 6, 5, 6, 45, 16, 14, 2, 21, 10, 10, 7, 9, 3, 8, 4, 6, 7, 5, 5, 3, 5, 16, 31, 4, 4, 1, 10, 7, 2, 8, 5, 5, 44, 7, 14, 6, 26, 2, 3, 11, 5, 10, 5, 4, 9, 4, 8, 21, 2, 1, 17, 11, 2, 4, 6, 5, 18, 2, 10, 2, 14, 14, 5, 57, 1, 6, 15, 18, 4, 7, 5, 17, 8, 5, 5, 1, 13, 1, 1, 20, 6, 5, 6, 7, 6, 8, 29, 4, 3, 4, 8, 3, 10, 2, 6, 5, 3, 26, 12, 13, 13, 29, 7, 5, 35, 37, 48, 5, 15, 3, 21, 4, 10, 8, 18, 8, 15, 1, 33, 3, 23, 15, 9, 6, 3, 28, 12, 51, 27, 7, 19, 5, 25, 3, 7, 1, 6, 5, 29, 4, 16, 5, 16, 6, 7, 9, 6, 34, 6, 14, 5, 16, 18, 8, 2, 2, 5, 1, 12, 52, 9, 24, 2, 7, 7, 7, 33, 10, 13, 11, 6, 2, 19, 7, 15, 17, 2, 15, 7, 30, 11, 15, 19, 6, 3, 5, 24, 1, 4, 4, 11, 7, 10, 5, 6, 23, 7, 18, 8, 8, 5, 3, 14, 7, 6, 11, 11, 14, 12, 13, 4, 2, 13, 9, 1, 23, 24, 13, 5, 5, 9, 13, 15, 15, 2, 4, 2, 15, 13, 4, 9, 11, 2, 2, 5, 17, 3, 2, 5, 6, 10, 3, 20, 4, 16, 4, 4, 11, 4, 4, 5, 31, 3, 5, 18, 11, 7, 22, 5, 33, 4, 33, 4, 17, 33, 8, 8, 14, 16, 3, 24]"
7,0.2,7,"[5, 2, 6, 10, 9, 10, 10, 20, 25, 58, 7, 9, 15, 13, 13, 7, 6, 18, 4, 7, 3, 6, 29, 5, 3, 25, 5, 36, 3, 16, 4, 8, 15, 9, 12, 24, 1, 1, 9, 4, 8, 5, 11, 1, 17, 11, 27, 10, 5, 3, 9, 2, 6, 2, 57, 2, 4, 2, 11, 14, 3, 22, 8, 26, 2, 11, 5, 6, 20, 40, 17, 21, 4, 6, 6, 5, 7, 5, 19, 7, 6, 5, 13, 6, 7, 12, 10, 19, 4, 20, 14, 6, 4, 1, 7, 32, 14, 3, 11, 4, 6, 5, 8, 14, 2, 14, 7, 16, 15, 5, 18, 7, 23, 10, 6, 8, 6, 5, 15, 5, 12, 19, 3, 3, 14, 8, 13, 21, 13, 10, 3, 4, 15, 12, 23, 12, 5, 34, 5, 13, 21, 6, 14, 28, 24, 21, 3, 5, 10, 8, 19, 6, 3, 8, 2, 6, 22, 2, 5, 59, 0, 9, 4, 8, 24, 11, 5, 5, 8, 37, 2, 7, 4, 17, 3, 4, 17, 3, 20, 34, 10, 4, 7, 57, 7, 14, 8, 6, 9, 9, 34, 2, 4, 4, 4, 3, 15, 10, 7, 17, 3, 11, 1, 5, 9, 32, 12, 5, 8, 20, 16, 3, 12, 9, 4, 6, 14, 1, 5, 3, 14, 10, 5, 21, 6, 4, 19, 8, 10, 6, 19, 4, 4, 3, 27, 11, 4, 7, 2, 5, 19, 10, 25, 1, 6, 3, 18, 8, 12, 9, 9, 35, 2, 3, 8, 3, 4, 4, 17, 7, 16, 18, 7, 24, 16, 11, 6, 19, 1, 6, 7, 7, 5, 3, 11, 4, 8, 10, 5, 5, 3, 26, 7, 4, 18, 2, 6, 11, 13, 6, 6, 18, 22, 17, 7, 8, 12, 16, 3, 13, 7, 8, 29, 18, 15, 12, 1, 17, 19, 4, 8, 4, 11, 15, 12, 8, 18, 8, 22, 5, 8, 24, 3, 16, 7, 7, 23, 2, 10, 16, 2, 10, 2, 9, 37, 3, 16, 13, 8, 9, 6, 11, 15, 10, 9, 17, 24, 9, 13, 6, 3, 17, 8, 5, 2, 22, 6, 12, 6, 14, 21, 11, 17, 16, 4, 2, 11, 13, 13, 6, 11, 9, 4, 11, 4, 11, 2, 21, 8, 7, 5, 7, 19, 25, 15, 35, 31, 6, 2, 5, 25, 8, 3, 12, 5, 25, 20, 22, 10, 4, 35, 6, 4, 4, 6, 29, 24, 32, 16, 9, 5, 5, 5, 5, 3, 5, 34, 1, 3, 4, 6, 14, 0, 3, 5, 21, 3, 2, 8, 7, 6, 29, 3, 25, 14, 4, 5, 3, 17, 11, 11, 39, 10, 20, 9, 6, 11, 6, 14, 15, 6, 6, 5, 4, 7, 18, 13, 5, 16, 6, 23, 12, 18, 6, 4, 22, 17, 4, 6, 9, 3, 9, 4, 2, 16, 2, 13, 23, 6, 4, 4, 1, 36, 14, 55, 7, 11, 8, 10, 21, 12, 18, 14, 5, 11, 8, 41, 20, 14, 7, 7, 4, 4, 40, 9, 4, 13, 8, 10, 7, 33, 34, 12, 8, 2, 5, 3, 24, 3, 4, 11, 3, 12, 7, 6, 16, 13, 8, 3, 9, 18, 7, 20, 6, 7, 6, 10, 10, 14, 4, 1, 10, 14, 1, 30, 5, 14, 3, 4, 5, 11, 16, 6, 53, 19, 43, 9, 37, 5, 4, 3, 5, 7, 23, 22, 7, 3, 14, 18, 6, 3, 7, 13, 3, 41, 8, 5, 7, 10, 35, 31, 24, 6, 4, 14, 8, 7, 30, 1, 6, 9, 7, 6, 9, 8, 38, 31, 1, 4, 9, 28, 7, 1, 31, 8, 4, 4, 1, 7, 2, 5, 12, 4, 5, 11, 16, 7, 3, 18, 10, 4, 19, 4, 1, 10, 2, 5, 5, 5, 4, 13, 4, 4, 17, 6, 23, 8, 12, 14, 11, 17, 16, 3, 11, 2, 16, 11, 16, 36, 13, 20, 3, 8, 24, 3, 51, 4, 6, 3, 7, 9, 17, 17, 9, 13, 13, 12, 8, 4, 12, 2, 5, 20, 6, 2, 13, 19, 19, 14, 14, 10, 7, 5, 6, 2, 3, 9, 20, 9, 22, 3, 12, 19, 2, 10, 7, 7, 2, 4, 13, 2, 17, 39, 2, 3, 2, 15, 11, 4, 25, 1, 16, 9, 14, 12, 16, 16, 4, 13, 2, 8, 8, 2, 5, 27, 7, 9, 9, 4, 9, 2, 8, 12, 29, 17, 6, 1, 9, 19, 6, 7, 5, 8, 4, 16]"
8,0.2,8,"[6, 6, 3, 13, 4, 7, 6, 10, 6, 1, 3, 10, 14, 5, 12, 25, 28, 21, 7, 14, 14, 26, 8, 9, 27, 15, 19, 17, 11, 38, 13, 4, 6, 2, 4, 4, 22, 9, 8, 7, 9, 8, 3, 2, 3, 16, 21, 12, 4, 9, 37, 11, 9, 2, 6, 2, 8, 2, 3, 5, 11, 14, 8, 16, 12, 10, 16, 4, 17, 32, 6, 12, 51, 11, 8, 2, 11, 8, 10, 3, 6, 10, 4, 13, 9, 14, 4, 10, 9, 14, 20, 29, 13, 5, 10, 3, 7, 23, 14, 20, 4, 7, 4, 4, 14, 9, 12, 3, 13, 28, 4, 3, 11, 17, 3, 5, 10, 6, 2, 21, 21, 14, 21, 9, 5, 7, 21, 8, 8, 19, 5, 13, 9, 3, 5, 23, 5, 3, 9, 2, 2, 6, 21, 17, 5, 16, 10, 5, 23, 2, 2, 7, 9, 10, 4, 9, 0, 28, 5, 1, 4, 3, 19, 4, 3, 7, 11, 8, 3, 16, 1, 22, 18, 5, 6, 11, 17, 22, 10, 3, 5, 6, 3, 3, 13, 6, 16, 4, 11, 10, 28, 2, 7, 14, 9, 9, 13, 2, 15, 20, 3, 25, 22, 9, 2, 10, 14, 3, 11, 2, 1, 4, 9, 4, 7, 5, 16, 3, 13, 8, 13, 3, 3, 1, 14, 11, 63, 15, 9, 10, 16, 5, 0, 16, 17, 9, 23, 6, 2, 3, 28, 4, 2, 4, 18, 4, 12, 8, 15, 2, 24, 5, 7, 3, 10, 9, 7, 7, 15, 14, 13, 9, 2, 3, 8, 5, 9, 4, 4, 9, 5, 18, 17, 1, 13, 2, 3, 12, 10, 11, 26, 15, 3, 9, 7, 11, 11, 7, 34, 14, 6, 2, 8, 2, 3, 23, 16, 19, 3, 11, 32, 33, 6, 4, 3, 25, 14, 10, 11, 13, 30, 4, 4, 4, 4, 15, 10, 10, 12, 32, 8, 11, 7, 6, 8, 9, 6, 24, 13, 7, 9, 11, 3, 12, 35, 12, 3, 8, 1, 3, 20, 3, 16, 5, 7, 3, 19, 25, 6, 11, 15, 17, 8, 5, 10, 7, 10, 6, 10, 15, 16, 2, 9, 6, 3, 31, 15, 8, 21, 28, 5, 8, 8, 3, 19, 6, 8, 7, 10, 14, 9, 25, 28, 10, 8, 7, 4, 8, 20, 16, 10, 17, 6, 6, 5, 14, 7, 28, 19, 0, 49, 6, 10, 2, 10, 14, 12, 4, 5, 3, 19, 3, 4, 4, 4, 19, 6, 3, 7, 14, 6, 10, 16, 6, 5, 30, 6, 6, 9, 35, 1, 20, 17, 5, 24, 6, 44, 5, 21, 2, 17, 11, 10, 4, 11, 5, 19, 9, 7, 3, 26, 6, 7, 26, 9, 6, 9, 6, 38, 14, 2, 10, 18, 10, 13, 27, 2, 3, 11, 12, 24, 7, 9, 5, 26, 5, 10, 16, 5, 9, 9, 30, 11, 31, 28, 12, 1, 28, 16, 23, 5, 9, 13, 20, 28, 2, 27, 3, 10, 20, 2, 1, 9, 11, 1, 2, 0, 2, 6, 4, 23, 5, 20, 6, 4, 4, 9, 7, 16, 4, 15, 5, 2, 3, 5, 2, 19, 27, 6, 7, 8, 17, 28, 20, 5, 4, 7, 16, 2, 12, 7, 3, 2, 8, 3, 22, 47, 8, 7, 12, 10, 3, 19, 14, 3, 36, 7, 2, 8, 2, 7, 21, 4, 15, 3, 5, 4, 22, 15, 1, 4, 12, 37, 2, 13, 5, 4, 12, 14, 54, 66, 44, 2, 21, 4, 34, 5, 0, 61, 15, 2, 2, 15, 2, 5, 14, 8, 5, 5, 36, 31, 9, 5, 22, 32, 5, 3, 9, 1, 9, 49, 10, 20, 5, 35, 16, 4, 5, 13, 12, 21, 1, 7, 7, 18, 8, 9, 6, 4, 1, 26, 1, 18, 6, 32, 29, 2, 13, 6, 15, 4, 10, 5, 9, 7, 19, 12, 3, 3, 10, 1, 9, 5, 13, 12, 19, 4, 7, 4, 21, 12, 4, 10, 14, 11, 28, 17, 12, 27, 12, 9, 5, 6, 12, 6, 28, 21, 24, 4, 2, 3, 16, 3, 4, 4, 23, 7, 24, 7, 3, 11, 10, 7, 5, 5, 10, 3, 14, 11, 31, 23, 15, 5, 7, 20, 7, 4, 5, 7, 5, 3, 37, 29, 10, 3, 9, 14, 20, 4, 7, 5, 7, 5, 11, 10, 8, 7, 10, 8, 7, 1, 12, 2, 23, 25, 8, 2, 7, 35, 10, 8, 8, 18, 8, 11]"
9,0.2,9,"[11, 14, 4, 5, 8, 4, 11, 5, 2, 5, 7, 4, 8, 21, 6, 5, 14, 61, 2, 2, 6, 3, 13, 7, 13, 6, 7, 23, 12, 3, 0, 2, 3, 3, 15, 3, 6, 7, 8, 4, 10, 24, 5, 17, 3, 16, 17, 21, 6, 4, 2, 15, 1, 12, 5, 15, 9, 6, 9, 6, 14, 2, 8, 26, 6, 3, 10, 15, 6, 28, 25, 6, 9, 4, 6, 12, 7, 12, 4, 3, 2, 22, 8, 10, 3, 9, 5, 4, 2, 7, 32, 7, 4, 20, 20, 40, 6, 4, 11, 1, 2, 3, 17, 5, 8, 35, 8, 17, 18, 3, 9, 8, 12, 4, 49, 4, 12, 5, 6, 11, 4, 21, 6, 10, 19, 5, 3, 13, 7, 14, 40, 8, 8, 14, 8, 4, 13, 3, 5, 8, 4, 2, 20, 4, 9, 3, 15, 5, 5, 10, 7, 1, 3, 31, 25, 3, 7, 3, 10, 2, 43, 9, 10, 3, 6, 25, 21, 22, 10, 14, 6, 6, 22, 6, 25, 7, 3, 6, 5, 3, 25, 1, 13, 10, 9, 3, 10, 8, 11, 4, 26, 4, 9, 7, 13, 2, 7, 5, 11, 10, 7, 18, 10, 7, 16, 4, 5, 7, 7, 19, 12, 4, 2, 2, 10, 3, 10, 6, 7, 12, 3, 11, 14, 19, 9, 21, 16, 17, 10, 14, 10, 11, 11, 12, 9, 5, 21, 16, 5, 20, 40, 9, 7, 18, 8, 13, 2, 44, 6, 12, 10, 2, 10, 2, 48, 4, 1, 8, 5, 3, 3, 4, 6, 20, 0, 3, 18, 22, 7, 2, 8, 3, 10, 5, 12, 12, 15, 16, 4, 4, 10, 12, 14, 7, 6, 13, 4, 24, 25, 7, 7, 8, 11, 4, 10, 8, 12, 1, 8, 10, 51, 3, 3, 11, 8, 10, 65, 3, 8, 17, 4, 30, 6, 10, 4, 24, 13, 3, 7, 17, 2, 13, 5, 4, 14, 17, 1, 3, 5, 3, 7, 15, 12, 7, 17, 26, 5, 7, 5, 27, 31, 16, 46, 17, 5, 4, 6, 11, 3, 8, 15, 5, 20, 37, 15, 31, 3, 20, 5, 18, 5, 7, 3, 11, 6, 12, 9, 7, 12, 5, 12, 15, 6, 8, 23, 18, 17, 8, 13, 4, 17, 8, 8, 5, 2, 8, 36, 18, 3, 8, 3, 4, 6, 10, 5, 1, 22, 17, 4, 7, 7, 38, 10, 7, 6, 26, 6, 5, 8, 21, 6, 3, 8, 9, 5, 12, 5, 8, 10, 5, 21, 4, 16, 1, 3, 4, 9, 27, 6, 7, 2, 17, 9, 9, 30, 11, 2, 23, 2, 16, 5, 22, 22, 9, 5, 28, 5, 2, 29, 4, 10, 15, 9, 8, 9, 18, 7, 1, 2, 9, 6, 18, 25, 10, 5, 10, 7, 7, 7, 4, 12, 5, 10, 17, 5, 5, 7, 6, 2, 14, 11, 3, 25, 8, 18, 24, 4, 4, 12, 14, 8, 11, 8, 9, 13, 19, 15, 42, 6, 4, 14, 4, 9, 6, 22, 6, 2, 3, 28, 19, 5, 1, 3, 8, 23, 5, 5, 15, 8, 13, 20, 9, 1, 29, 33, 48, 7, 2, 42, 12, 11, 4, 3, 17, 5, 5, 3, 12, 5, 11, 4, 20, 21, 16, 3, 20, 3, 10, 4, 5, 9, 9, 14, 40, 14, 6, 3, 12, 6, 4, 18, 7, 24, 5, 15, 10, 1, 9, 8, 25, 25, 15, 26, 17, 6, 3, 21, 4, 8, 11, 1, 5, 8, 5, 3, 8, 44, 41, 4, 7, 26, 3, 30, 4, 11, 9, 2, 38, 15, 22, 7, 15, 6, 6, 3, 44, 6, 4, 20, 8, 10, 7, 5, 23, 2, 2, 10, 37, 7, 18, 4, 11, 13, 13, 14, 4, 2, 14, 28, 1, 36, 5, 7, 17, 13, 5, 20, 24, 19, 38, 28, 9, 38, 7, 23, 23, 15, 16, 5, 6, 8, 2, 8, 14, 15, 18, 2, 6, 1, 6, 10, 19, 3, 16, 5, 5, 17, 3, 7, 8, 14, 1, 7, 4, 2, 1, 16, 3, 17, 2, 21, 11, 11, 16, 6, 11, 6, 35, 4, 14, 22, 7, 21, 22, 5, 28, 10, 10, 9, 18, 3, 25, 7, 34, 24, 21, 11, 4, 12, 9, 10, 12, 5, 14, 6, 12, 10, 6, 7, 8, 21, 12, 2, 1, 2, 22, 17, 8, 11, 1, 39, 6, 9, 27, 36, 7, 4, 3, 18, 22, 33, 5, 2, 5, 10]"
10,0.3,10,"[18, 7, 7, 1, 4, 31, 3, 17, 2, 15, 27, 19, 8, 13, 31, 8, 6, 7, 6, 15, 30, 4, 6, 5, 2, 30, 30, 6, 3, 10, 6, 5, 13, 3, 9, 14, 14, 3, 9, 9, 13, 2, 12, 6, 3, 14, 8, 3, 3, 26, 17, 5, 8, 5, 6, 12, 2, 1, 29, 4, 5, 19, 11, 36, 12, 2, 21, 23, 2, 10, 1, 38, 26, 10, 1, 15, 9, 8, 18, 38, 8, 18, 6, 8, 11, 0, 10, 14, 3, 3, 6, 7, 6, 5, 11, 6, 8, 5, 8, 30, 4, 8, 15, 15, 7, 8, 10, 24, 12, 10, 8, 3, 2, 14, 6, 11, 30, 7, 4, 10, 16, 3, 11, 8, 7, 10, 15, 5, 6, 11, 8, 39, 3, 7, 10, 15, 8, 15, 2, 17, 2, 7, 4, 8, 4, 10, 15, 7, 39, 10, 2, 17, 8, 39, 16, 23, 49, 1, 34, 8, 11, 15, 15, 6, 10, 4, 14, 15, 27, 6, 2, 4, 15, 6, 2, 25, 6, 16, 13, 18, 6, 5, 10, 27, 5, 19, 27, 5, 9, 10, 12, 4, 6, 4, 11, 12, 8, 1, 5, 5, 10, 2, 19, 9, 6, 3, 6, 6, 7, 4, 5, 12, 5, 3, 17, 3, 2, 15, 8, 30, 2, 12, 18, 21, 9, 7, 31, 2, 7, 13, 9, 6, 5, 10, 23, 4, 7, 8, 8, 3, 1, 5, 7, 24, 11, 8, 18, 13, 21, 7, 12, 6, 9, 13, 4, 12, 21, 6, 8, 11, 16, 9, 23, 12, 17, 1, 9, 5, 5, 9, 8, 11, 18, 9, 9, 11, 23, 3, 5, 25, 2, 19, 4, 8, 8, 14, 24, 11, 4, 3, 6, 11, 2, 6, 17, 4, 18, 10, 27, 3, 10, 8, 16, 17, 18, 12, 11, 18, 55, 6, 17, 1, 6, 39, 4, 5, 36, 10, 6, 12, 8, 14, 7, 25, 4, 11, 2, 12, 7, 3, 9, 13, 27, 10, 8, 33, 21, 2, 11, 10, 7, 39, 13, 13, 6, 10, 2, 5, 33, 21, 1, 0, 12, 6, 21, 0, 25, 3, 6, 6, 7, 4, 12, 5, 12, 11, 5, 26, 8, 6, 15, 4, 8, 17, 3, 5, 12, 5, 14, 44, 8, 3, 15, 13, 3, 10, 3, 5, 12, 7, 4, 10, 6, 5, 14, 15, 8, 2, 2, 4, 9, 5, 15, 7, 10, 1, 22, 28, 42, 43, 15, 15, 20, 6, 9, 8, 4, 25, 24, 2, 8, 17, 8, 41, 4, 11, 3, 10, 13, 15, 14, 2, 7, 3, 7, 26, 1, 12, 8, 30, 6, 7, 34, 14, 16, 7, 3, 10, 2, 5, 3, 20, 3, 3, 11, 9, 18, 5, 4, 5, 15, 14, 9, 53, 1, 3, 7, 30, 6, 13, 6, 15, 14, 3, 3, 9, 35, 15, 57, 11, 9, 33, 14, 20, 35, 7, 5, 38, 43, 4, 2, 13, 21, 6, 7, 28, 17, 9, 31, 4, 35, 8, 4, 14, 26, 5, 6, 5, 16, 10, 2, 4, 12, 28, 58, 12, 4, 1, 40, 5, 7, 4, 15, 3, 16, 8, 34, 6, 13, 9, 5, 2, 11, 17, 15, 10, 17, 6, 16, 1, 2, 34, 7, 6, 4, 6, 10, 7, 4, 2, 19, 17, 20, 9, 34, 14, 10, 3, 19, 11, 4, 3, 2, 39, 14, 9, 17, 14, 29, 9, 6, 3, 10, 5, 2, 1, 7, 72, 51, 6, 4, 1, 15, 20, 9, 10, 1, 6, 10, 7, 18, 6, 2, 4, 0, 9, 4, 4, 4, 10, 28, 7, 1, 5, 4, 4, 8, 4, 22, 25, 12, 2, 0, 2, 7, 4, 1, 13, 5, 10, 8, 22, 17, 2, 30, 2, 13, 7, 20, 14, 20, 10, 11, 19, 10, 2, 5, 1, 19, 4, 6, 17, 7, 3, 3, 18, 44, 4, 5, 28, 25, 6, 10, 15, 17, 32, 19, 2, 0, 5, 12, 7, 6, 12, 11, 6, 24, 3, 3, 20, 26, 3, 7, 13, 4, 11, 2, 14, 5, 25, 7, 4, 39, 13, 4, 14, 2, 25, 5, 25, 3, 8, 25, 5, 4, 3, 3, 33, 3, 29, 2, 38, 27, 7, 9, 15, 9, 3, 17, 6, 10, 7, 3, 7, 8, 9, 12, 4, 2, 5, 4, 15, 0, 23, 4, 10, 12, 5, 11, 5, 5, 4, 3, 7, 9, 6, 8, 0, 5, 48, 8, 3, 4, 12, 42]"
11,0.3,11,"[2, 7, 6, 7, 2, 2, 7, 7, 5, 32, 6, 1, 13, 4, 3, 4, 38, 7, 5, 2, 12, 3, 30, 10, 5, 37, 5, 1, 15, 2, 6, 16, 3, 8, 8, 21, 7, 19, 5, 4, 3, 10, 20, 5, 27, 11, 7, 8, 17, 13, 6, 4, 3, 17, 1, 14, 12, 16, 55, 5, 1, 36, 6, 7, 4, 5, 8, 5, 9, 10, 30, 42, 2, 14, 13, 12, 21, 10, 13, 3, 3, 9, 9, 7, 5, 13, 7, 13, 23, 5, 1, 18, 7, 17, 9, 7, 9, 6, 18, 17, 2, 6, 4, 6, 8, 5, 3, 14, 13, 7, 2, 16, 16, 8, 32, 12, 41, 3, 3, 4, 5, 13, 14, 4, 2, 6, 4, 9, 4, 13, 2, 3, 7, 6, 11, 18, 18, 4, 5, 5, 4, 15, 23, 4, 15, 14, 8, 2, 17, 12, 22, 38, 9, 32, 3, 1, 14, 2, 16, 11, 40, 13, 11, 17, 7, 5, 44, 5, 7, 13, 15, 26, 9, 5, 4, 34, 2, 4, 3, 1, 2, 6, 11, 5, 12, 7, 17, 7, 1, 5, 11, 18, 3, 20, 17, 5, 8, 2, 4, 19, 7, 14, 3, 5, 21, 12, 6, 9, 7, 7, 10, 33, 4, 29, 7, 5, 24, 6, 26, 14, 6, 5, 4, 8, 10, 5, 2, 40, 10, 16, 3, 24, 8, 17, 5, 11, 7, 14, 7, 37, 19, 19, 30, 32, 4, 45, 14, 13, 9, 14, 6, 5, 8, 25, 5, 10, 2, 4, 16, 16, 3, 11, 4, 3, 3, 9, 8, 16, 14, 22, 6, 6, 5, 3, 8, 18, 14, 31, 8, 8, 12, 28, 23, 16, 4, 5, 5, 14, 6, 43, 66, 44, 34, 33, 17, 19, 8, 1, 4, 20, 5, 21, 16, 4, 14, 5, 48, 7, 19, 5, 14, 6, 12, 9, 15, 6, 34, 21, 7, 8, 1, 16, 5, 8, 50, 8, 10, 6, 17, 22, 1, 15, 6, 4, 7, 14, 21, 14, 9, 32, 20, 7, 24, 1, 3, 5, 0, 6, 25, 6, 4, 2, 6, 5, 13, 8, 16, 24, 0, 24, 4, 3, 7, 28, 8, 6, 2, 20, 19, 5, 9, 17, 2, 19, 10, 5, 2, 7, 18, 4, 14, 3, 26, 3, 13, 3, 23, 1, 8, 20, 4, 2, 6, 12, 5, 7, 36, 8, 5, 3, 1, 23, 39, 15, 4, 24, 5, 2, 3, 14, 13, 10, 7, 23, 10, 0, 30, 0, 6, 12, 5, 9, 5, 10, 2, 9, 9, 2, 3, 7, 7, 24, 23, 11, 4, 8, 5, 3, 10, 3, 10, 4, 5, 11, 8, 45, 21, 6, 16, 3, 2, 7, 3, 8, 10, 28, 17, 19, 55, 5, 4, 17, 13, 3, 2, 14, 5, 15, 27, 18, 6, 9, 3, 3, 8, 9, 2, 4, 17, 25, 4, 23, 5, 4, 6, 13, 3, 4, 16, 3, 32, 23, 16, 29, 8, 53, 3, 61, 65, 7, 3, 4, 21, 8, 9, 17, 0, 3, 5, 17, 16, 37, 1, 12, 4, 10, 2, 14, 14, 4, 12, 8, 6, 5, 7, 3, 4, 18, 7, 15, 3, 4, 3, 4, 3, 9, 7, 12, 22, 7, 4, 8, 8, 4, 8, 10, 7, 4, 33, 12, 12, 5, 44, 3, 15, 37, 33, 5, 2, 6, 5, 25, 3, 10, 4, 21, 11, 17, 7, 9, 2, 8, 2, 7, 60, 4, 6, 5, 24, 6, 6, 9, 6, 12, 4, 18, 8, 16, 19, 4, 3, 17, 11, 20, 3, 46, 19, 2, 44, 6, 28, 42, 14, 5, 17, 2, 12, 7, 3, 2, 5, 1, 5, 16, 31, 5, 7, 5, 2, 28, 7, 8, 2, 13, 10, 21, 4, 14, 34, 23, 4, 6, 14, 1, 10, 7, 3, 7, 23, 12, 24, 17, 7, 2, 5, 4, 17, 12, 35, 24, 24, 3, 7, 11, 10, 21, 5, 7, 4, 17, 10, 4, 31, 6, 16, 0, 19, 23, 1, 5, 6, 4, 8, 4, 16, 7, 5, 8, 7, 5, 17, 6, 21, 3, 1, 3, 4, 12, 2, 10, 15, 12, 20, 12, 3, 6, 28, 9, 14, 4, 17, 7, 94, 19, 20, 3, 4, 4, 8, 8, 27, 29, 21, 7, 3, 9, 15, 9, 4, 10, 3, 19, 5, 8, 34, 4, 14, 3, 7, 4, 3, 6, 6, 9, 12, 1, 6, 28, 19, 7, 17, 18, 6, 9, 10]"
12,0.3,12,"[3, 2, 4, 7, 11, 9, 4, 3, 35, 14, 8, 7, 35, 3, 5, 7, 7, 3, 3, 3, 7, 7, 8, 7, 2, 13, 11, 4, 45, 5, 2, 2, 6, 5, 18, 6, 8, 17, 5, 1, 9, 6, 16, 2, 6, 13, 5, 23, 5, 5, 10, 2, 20, 12, 11, 6, 16, 45, 19, 28, 3, 12, 9, 4, 7, 7, 27, 3, 8, 4, 15, 5, 17, 8, 6, 11, 10, 5, 7, 26, 3, 4, 3, 4, 9, 23, 22, 3, 9, 13, 18, 14, 27, 39, 43, 2, 10, 1, 5, 34, 2, 2, 4, 15, 10, 3, 4, 23, 4, 10, 6, 11, 15, 23, 2, 13, 14, 9, 10, 13, 6, 26, 2, 17, 3, 3, 6, 45, 22, 11, 9, 3, 21, 3, 15, 32, 7, 4, 18, 15, 9, 17, 22, 17, 6, 14, 7, 5, 12, 6, 16, 5, 27, 6, 16, 2, 7, 3, 10, 4, 11, 3, 7, 8, 14, 4, 4, 5, 12, 9, 6, 8, 15, 3, 21, 35, 6, 4, 12, 3, 14, 7, 6, 6, 9, 4, 7, 4, 21, 10, 21, 3, 6, 8, 13, 20, 7, 6, 1, 27, 4, 1, 5, 4, 6, 4, 13, 5, 9, 26, 24, 4, 19, 6, 11, 6, 12, 7, 7, 4, 12, 18, 5, 5, 28, 1, 11, 6, 4, 7, 28, 19, 6, 3, 4, 4, 6, 13, 14, 28, 21, 8, 0, 16, 11, 9, 9, 4, 9, 11, 14, 3, 5, 35, 26, 5, 14, 2, 4, 6, 44, 16, 6, 6, 12, 8, 18, 1, 9, 5, 9, 14, 4, 4, 10, 21, 6, 15, 17, 3, 11, 4, 41, 27, 5, 8, 3, 11, 14, 17, 14, 7, 8, 10, 12, 18, 22, 22, 7, 14, 9, 6, 15, 5, 13, 34, 13, 3, 2, 10, 54, 0, 22, 6, 2, 14, 17, 8, 12, 28, 2, 6, 1, 7, 23, 1, 9, 15, 7, 32, 14, 12, 28, 13, 4, 20, 21, 8, 7, 29, 9, 20, 12, 7, 9, 11, 17, 35, 2, 6, 14, 43, 10, 28, 5, 18, 8, 5, 13, 8, 3, 8, 5, 2, 7, 19, 4, 15, 6, 7, 3, 4, 6, 12, 9, 12, 19, 11, 3, 12, 10, 1, 12, 35, 6, 9, 11, 38, 6, 2, 23, 4, 7, 4, 6, 0, 3, 3, 27, 7, 0, 37, 8, 4, 8, 9, 8, 22, 62, 13, 2, 5, 55, 8, 11, 13, 15, 3, 51, 9, 9, 20, 2, 2, 11, 5, 6, 6, 5, 23, 1, 25, 7, 3, 11, 21, 18, 5, 3, 12, 23, 2, 5, 6, 5, 9, 8, 11, 51, 3, 18, 10, 19, 3, 3, 18, 8, 5, 13, 1, 7, 3, 28, 17, 4, 2, 6, 22, 11, 39, 9, 9, 2, 2, 7, 8, 7, 34, 11, 2, 12, 6, 11, 16, 7, 4, 11, 52, 9, 13, 12, 2, 1, 8, 10, 17, 9, 10, 35, 1, 25, 26, 25, 12, 5, 30, 14, 5, 10, 5, 17, 7, 7, 9, 5, 14, 6, 36, 6, 5, 9, 7, 8, 13, 30, 5, 10, 41, 13, 12, 5, 4, 8, 4, 0, 9, 5, 15, 31, 2, 3, 8, 50, 10, 6, 24, 1, 5, 10, 16, 12, 4, 16, 37, 6, 7, 31, 15, 20, 14, 8, 2, 4, 0, 14, 1, 13, 27, 3, 8, 9, 9, 61, 11, 28, 9, 11, 11, 2, 2, 12, 11, 33, 4, 4, 5, 10, 5, 3, 5, 4, 6, 4, 5, 12, 10, 4, 7, 26, 5, 7, 3, 12, 26, 5, 14, 12, 3, 12, 41, 19, 10, 5, 39, 9, 43, 14, 22, 14, 15, 4, 12, 3, 8, 5, 5, 12, 16, 14, 5, 12, 10, 8, 7, 28, 6, 6, 6, 4, 12, 9, 22, 25, 15, 5, 23, 23, 5, 8, 5, 6, 21, 2, 4, 1, 7, 1, 20, 24, 3, 8, 1, 20, 23, 2, 27, 21, 15, 8, 7, 5, 3, 7, 4, 15, 42, 5, 11, 12, 1, 4, 5, 2, 11, 2, 23, 4, 15, 9, 6, 24, 6, 2, 8, 4, 2, 17, 4, 11, 18, 42, 19, 11, 10, 14, 13, 6, 8, 6, 5, 60, 4, 7, 7, 6, 13, 14, 5, 6, 2, 6, 28, 51, 4, 15, 8, 13, 3, 4, 15, 10, 6, 6, 3, 1, 12, 9, 18, 2, 39, 13, 21, 8, 3, 7]"
13,0.3,13,"[6, 6, 3, 5, 7, 5, 2, 10, 5, 3, 15, 3, 10, 11, 20, 8, 6, 24, 8, 7, 4, 3, 54, 10, 6, 6, 2, 20, 6, 4, 28, 23, 11, 6, 6, 17, 8, 26, 5, 7, 11, 12, 5, 5, 3, 30, 2, 5, 24, 7, 23, 36, 15, 16, 7, 6, 5, 22, 16, 2, 9, 15, 37, 29, 3, 2, 5, 3, 11, 3, 5, 5, 7, 39, 4, 5, 4, 13, 9, 5, 13, 43, 15, 3, 3, 14, 21, 5, 17, 8, 6, 5, 20, 3, 13, 31, 5, 4, 6, 7, 3, 6, 6, 10, 18, 3, 4, 25, 3, 30, 5, 6, 6, 8, 15, 10, 25, 30, 1, 21, 8, 15, 32, 3, 5, 32, 0, 29, 15, 10, 5, 8, 20, 11, 5, 0, 3, 10, 18, 10, 5, 17, 17, 16, 7, 13, 10, 5, 1, 8, 7, 3, 1, 5, 11, 4, 5, 8, 30, 3, 15, 15, 9, 6, 5, 13, 6, 2, 13, 25, 12, 19, 11, 29, 10, 6, 17, 26, 4, 14, 26, 0, 7, 1, 38, 34, 8, 7, 9, 8, 12, 13, 3, 19, 25, 1, 23, 5, 31, 3, 4, 28, 29, 12, 19, 6, 4, 21, 8, 10, 10, 3, 5, 10, 5, 3, 6, 6, 11, 16, 5, 19, 4, 3, 14, 4, 8, 15, 5, 32, 6, 4, 5, 8, 7, 3, 9, 5, 7, 4, 31, 14, 2, 5, 30, 6, 14, 11, 10, 7, 0, 5, 4, 4, 27, 41, 5, 7, 13, 4, 9, 13, 17, 14, 19, 7, 15, 11, 7, 4, 34, 6, 6, 6, 6, 7, 19, 2, 17, 32, 14, 5, 14, 7, 23, 10, 11, 12, 3, 6, 54, 5, 11, 5, 11, 26, 12, 16, 1, 3, 21, 2, 7, 5, 7, 13, 11, 16, 22, 4, 6, 12, 6, 5, 0, 28, 15, 5, 38, 9, 21, 9, 6, 2, 14, 29, 7, 16, 14, 4, 7, 5, 17, 1, 9, 17, 10, 7, 23, 18, 17, 11, 19, 18, 1, 15, 11, 9, 19, 32, 3, 9, 2, 13, 3, 20, 6, 12, 1, 5, 5, 3, 3, 13, 5, 15, 1, 8, 1, 2, 2, 6, 3, 8, 8, 5, 9, 30, 5, 9, 23, 11, 15, 20, 5, 5, 8, 20, 17, 12, 4, 7, 40, 10, 5, 5, 18, 23, 7, 1, 10, 8, 6, 3, 10, 10, 36, 9, 2, 2, 3, 11, 3, 7, 6, 2, 12, 5, 4, 10, 7, 5, 3, 24, 29, 2, 20, 4, 14, 21, 14, 24, 14, 5, 3, 5, 23, 13, 11, 6, 5, 9, 5, 7, 8, 13, 6, 10, 12, 2, 10, 13, 2, 17, 1, 11, 20, 9, 4, 5, 14, 18, 4, 0, 10, 7, 17, 7, 8, 19, 6, 7, 6, 13, 32, 5, 9, 7, 7, 4, 3, 10, 24, 4, 10, 19, 50, 11, 2, 7, 15, 14, 12, 12, 8, 7, 3, 7, 8, 31, 5, 10, 17, 17, 20, 33, 6, 1, 2, 2, 3, 4, 10, 6, 2, 2, 1, 6, 7, 6, 17, 2, 26, 15, 0, 8, 4, 7, 3, 13, 6, 19, 6, 15, 7, 2, 1, 2, 19, 13, 8, 35, 7, 12, 6, 39, 4, 2, 4, 20, 2, 1, 2, 12, 7, 5, 36, 24, 14, 3, 8, 20, 3, 4, 4, 56, 1, 24, 3, 33, 7, 17, 10, 2, 17, 8, 1, 12, 38, 5, 5, 7, 3, 4, 6, 7, 10, 17, 30, 7, 4, 33, 8, 23, 2, 3, 6, 8, 53, 20, 12, 21, 9, 5, 8, 38, 15, 1, 9, 20, 12, 3, 4, 2, 6, 7, 9, 8, 4, 19, 19, 5, 6, 11, 9, 3, 31, 32, 6, 5, 10, 23, 3, 25, 9, 4, 20, 17, 9, 13, 4, 31, 4, 14, 5, 5, 23, 34, 3, 3, 8, 5, 22, 4, 19, 6, 8, 10, 18, 4, 9, 36, 11, 7, 9, 8, 4, 8, 8, 0, 3, 3, 12, 33, 3, 7, 5, 16, 8, 9, 23, 12, 4, 14, 6, 20, 10, 5, 9, 16, 40, 3, 2, 3, 8, 6, 16, 8, 35, 26, 2, 4, 18, 12, 6, 4, 4, 6, 12, 7, 3, 6, 6, 9, 6, 47, 8, 3, 19, 7, 6, 9, 10, 20, 9, 6, 3, 5, 12, 34, 4, 51, 3, 5, 62, 24, 8, 17, 38, 21, 15, 6, 2, 5, 2]"
14,0.3,14,"[2, 7, 3, 16, 5, 7, 5, 24, 53, 4, 16, 8, 3, 4, 5, 7, 8, 3, 27, 4, 3, 4, 9, 15, 3, 4, 4, 5, 16, 5, 4, 8, 12, 12, 28, 4, 2, 4, 8, 33, 2, 13, 4, 11, 9, 7, 42, 7, 9, 17, 8, 35, 5, 2, 6, 6, 7, 8, 20, 5, 37, 5, 47, 5, 10, 12, 5, 6, 33, 13, 18, 15, 3, 4, 9, 4, 28, 3, 4, 8, 4, 7, 16, 22, 4, 3, 17, 24, 13, 7, 22, 18, 5, 7, 1, 11, 9, 21, 5, 5, 5, 5, 6, 3, 7, 9, 22, 3, 6, 10, 13, 14, 26, 9, 13, 11, 7, 12, 15, 10, 18, 7, 25, 7, 29, 13, 9, 15, 12, 21, 32, 8, 8, 40, 26, 5, 5, 5, 40, 6, 1, 2, 14, 7, 4, 14, 10, 9, 24, 13, 7, 5, 18, 4, 13, 7, 5, 19, 11, 8, 23, 5, 9, 4, 2, 10, 2, 7, 10, 23, 6, 2, 12, 9, 3, 5, 4, 8, 6, 5, 2, 14, 2, 26, 15, 4, 8, 6, 6, 15, 9, 6, 10, 1, 6, 8, 12, 6, 5, 11, 2, 18, 22, 1, 23, 5, 17, 6, 5, 17, 26, 27, 3, 21, 7, 7, 10, 6, 5, 6, 22, 11, 12, 11, 17, 4, 13, 10, 7, 11, 19, 7, 7, 4, 33, 11, 11, 5, 6, 6, 17, 3, 3, 12, 5, 13, 4, 24, 29, 5, 9, 6, 14, 4, 15, 9, 9, 10, 18, 22, 10, 13, 16, 30, 5, 8, 6, 2, 9, 29, 10, 4, 24, 4, 2, 24, 6, 3, 27, 7, 4, 19, 11, 5, 14, 27, 4, 3, 4, 35, 8, 1, 32, 4, 5, 19, 4, 19, 14, 6, 31, 21, 9, 14, 30, 12, 18, 11, 45, 8, 12, 6, 29, 6, 8, 31, 5, 2, 7, 19, 4, 1, 6, 11, 10, 18, 30, 11, 5, 22, 6, 4, 11, 2, 15, 22, 9, 30, 19, 9, 12, 20, 26, 13, 8, 6, 18, 6, 4, 3, 5, 8, 1, 15, 5, 7, 14, 1, 25, 13, 2, 3, 8, 4, 16, 3, 2, 8, 18, 2, 10, 7, 6, 5, 3, 17, 4, 7, 21, 9, 3, 58, 6, 12, 47, 10, 1, 6, 22, 12, 6, 8, 11, 8, 1, 44, 10, 2, 15, 4, 4, 11, 8, 3, 32, 2, 5, 7, 11, 49, 5, 3, 11, 8, 10, 13, 10, 13, 4, 12, 10, 20, 9, 5, 13, 30, 22, 12, 0, 8, 10, 5, 7, 6, 5, 6, 15, 40, 1, 3, 7, 5, 32, 7, 12, 7, 6, 7, 7, 3, 15, 4, 8, 9, 35, 7, 3, 25, 4, 22, 10, 20, 2, 7, 15, 9, 5, 12, 2, 8, 3, 12, 7, 6, 5, 20, 21, 8, 23, 21, 18, 3, 4, 9, 17, 15, 6, 13, 7, 7, 8, 21, 20, 5, 46, 11, 17, 4, 7, 4, 5, 6, 3, 45, 6, 1, 2, 5, 17, 7, 11, 4, 51, 5, 8, 13, 7, 11, 16, 27, 25, 38, 3, 13, 5, 11, 8, 0, 14, 8, 18, 20, 4, 23, 46, 1, 19, 3, 4, 1, 18, 8, 35, 11, 9, 9, 22, 14, 10, 9, 10, 16, 2, 8, 6, 8, 34, 10, 6, 7, 5, 32, 3, 3, 2, 16, 10, 2, 10, 12, 11, 32, 20, 2, 6, 3, 7, 3, 14, 3, 29, 25, 7, 9, 7, 18, 6, 46, 7, 38, 3, 17, 6, 9, 23, 5, 30, 15, 4, 7, 4, 1, 16, 12, 4, 2, 26, 10, 0, 20, 19, 5, 2, 3, 20, 14, 5, 8, 20, 11, 29, 4, 6, 9, 6, 16, 3, 12, 11, 5, 23, 5, 3, 7, 3, 12, 5, 20, 13, 4, 8, 6, 10, 0, 17, 9, 10, 5, 19, 9, 21, 3, 16, 26, 12, 18, 22, 8, 6, 5, 15, 21, 2, 10, 21, 13, 19, 20, 13, 7, 5, 6, 12, 7, 20, 6, 12, 4, 13, 3, 4, 20, 5, 6, 7, 9, 9, 13, 11, 10, 3, 4, 8, 17, 4, 2, 8, 5, 4, 9, 15, 25, 17, 22, 39, 3, 6, 8, 5, 23, 10, 18, 8, 20, 27, 10, 10, 15, 2, 24, 14, 5, 2, 2, 21, 19, 5, 11, 15, 6, 4, 11, 62, 1, 5, 8, 8, 36, 5, 4, 8, 12, 12, 11, 6]"
