,stoch,Run,Population
0,0.5,0,"[4, 5, 9, 4, 3, 4, 21, 7, 1, 6, 6, 3, 6, 11, 9, 5, 9, 5, 14, 26, 27, 3, 5, 10, 11, 13, 6, 7, 18, 6, 6, 5, 15, 0, 34, 2, 2, 12, 5, 10, 9, 9, 12, 9, 1, 4, 6, 16, 53, 43, 14, 4, 26, 12, 16, 2, 6, 4, 3, 5, 3, 9, 5, 9, 9, 11, 37, 1, 16, 51, 8, 6, 5, 5, 10, 16, 19, 12, 5, 25, 2, 18, 6, 3, 2, 7, 13, 12, 7, 2, 1, 26, 32, 9, 1, 8, 10, 1, 2, 7, 4, 11, 3, 3, 22, 39, 12, 1, 8, 3, 3, 2, 23, 2, 40, 3, 46, 13, 6, 8, 8, 22, 10, 4, 6, 3, 6, 4, 2, 1, 3, 4, 5, 9, 15, 13, 10, 13, 2, 14, 8, 24, 3, 2, 5, 8, 17, 8, 14, 11, 16, 2, 21, 8, 8, 4, 10, 14, 12, 21, 6, 3, 11, 13, 9, 4, 28, 4, 13, 15, 4, 24, 25, 16, 15, 2, 47, 24, 9, 3, 25, 5, 5, 7, 9, 25, 6, 12, 18, 10, 6, 10, 8, 4, 11, 3, 14, 12, 4, 39, 6, 9, 7, 8, 8, 1, 14, 16, 10, 9, 5, 3, 4, 4, 5, 6, 9, 10, 7, 7, 12, 11, 3, 1, 9, 14, 10, 15, 8, 2, 7, 8, 30, 57, 11, 5, 3, 11, 6, 5, 12, 2, 7, 20, 4, 28, 10, 11, 10, 7, 18, 5, 6, 4, 14, 7, 9, 8, 42, 4, 3, 9, 5, 22, 19, 2, 2, 3, 11, 17, 8, 10, 11, 0, 10, 17, 10, 29, 2, 5, 43, 11, 1, 22, 2, 3, 15, 25, 6, 19, 4, 10, 12, 9, 13, 10, 5, 6, 8, 15, 5, 24, 7, 19, 21, 16, 10, 4, 26, 12, 17, 4, 1, 11, 12, 11, 10, 5, 12, 6, 5, 8, 16, 31, 15, 15, 6, 26, 9, 9, 12, 5, 7, 5, 7, 14, 4, 3, 26, 4, 6, 7, 9, 7, 10, 6, 40, 11, 2, 3, 5, 11, 27, 4, 16, 27, 7, 9, 13, 12, 13, 12, 1, 5, 2, 16, 9, 0, 15, 15, 9, 7, 4, 7, 3, 15, 17, 0, 23, 24, 28, 6, 3, 13, 9, 8, 4, 3, 13, 6, 1, 10, 14, 8, 6, 14, 3, 12, 3, 25, 9, 4, 9, 5, 3, 3, 2, 2, 9, 12, 5, 15, 4, 8, 5, 2, 2, 3, 6, 5, 22, 6, 6, 12, 13, 15, 21, 16, 8, 5, 8, 9, 25, 4, 11, 22, 6, 21, 6, 18, 6, 9, 28, 4, 47, 9, 9, 9, 2, 31, 5, 2, 19, 14, 7, 9, 2, 27, 9, 5, 26, 2, 5, 22, 12, 6, 25, 32, 15, 11, 11, 4, 4, 14, 5, 6, 8, 7, 15, 11, 10, 2, 25, 35, 2, 6, 7, 5, 9, 9, 8, 6, 12, 11, 5, 38, 22, 6, 2, 2, 2, 8, 4, 39, 10, 7, 3, 6, 44, 5, 30, 12, 4, 19, 2, 3, 19, 2, 10, 6, 13, 13, 39, 26, 6, 4, 8, 3, 5, 2, 9, 3, 12, 33, 12, 15, 14, 2, 3, 3, 19, 9, 16, 28, 0, 4, 18, 6, 20, 9, 12, 17, 5, 24, 10, 10, 6, 2, 2, 3, 33, 2, 3, 6, 6, 8, 2, 10, 9, 21, 28, 14, 10, 4, 3, 4, 49, 4, 1, 1, 6, 48, 8, 2, 11, 4, 49, 18, 3, 10, 3, 59, 5, 17, 14, 22, 7, 5, 15, 3, 14, 23, 2, 1, 14, 7, 24, 7, 13, 4, 4, 7, 4, 35, 8, 2, 10, 6, 3, 7, 8, 12, 12, 5, 13, 15, 9, 13, 12, 20, 17, 5, 11, 37, 12, 2, 19, 20, 19, 38, 5, 9, 3, 12, 6, 6, 8, 22, 4, 6, 12, 0, 25, 18, 24, 4, 2, 6, 16, 5, 10, 19, 7, 28, 14, 16, 17, 18, 9, 12, 2, 8, 1, 6, 17, 25, 5, 23, 7, 11, 22, 10, 12, 4, 19, 27, 5, 9, 4, 5, 24, 21, 2, 18, 4, 15, 47, 15, 19, 29, 16, 9, 20, 0, 14, 16, 7, 16, 22, 10, 5, 13, 6, 10, 38, 2, 23, 16, 17, 12, 7, 7, 3, 7, 6, 14, 10, 20, 7, 24, 2, 10, 6, 11, 2, 23, 2, 0, 7, 10, 3, 27, 11, 8, 7]"
1,0.5,1,"[0, 5, 27, 6, 21, 4, 2, 8, 4, 13, 4, 26, 31, 11, 1, 10, 8, 21, 42, 4, 5, 27, 8, 21, 3, 2, 3, 8, 8, 7, 5, 16, 6, 4, 9, 10, 9, 6, 7, 12, 6, 9, 5, 5, 18, 9, 16, 7, 6, 62, 65, 1, 12, 2, 17, 6, 7, 1, 12, 2, 3, 31, 35, 17, 6, 30, 3, 2, 2, 5, 8, 8, 12, 5, 9, 15, 10, 23, 14, 6, 6, 14, 23, 10, 10, 4, 10, 3, 6, 13, 3, 7, 2, 14, 13, 3, 7, 25, 11, 11, 3, 2, 21, 8, 19, 9, 3, 13, 4, 2, 14, 6, 9, 8, 14, 27, 6, 7, 15, 7, 20, 21, 6, 5, 10, 13, 6, 17, 7, 3, 13, 6, 9, 6, 9, 14, 5, 26, 18, 4, 11, 7, 1, 9, 19, 10, 9, 10, 21, 23, 13, 9, 32, 12, 11, 3, 10, 16, 2, 7, 8, 32, 5, 12, 14, 10, 5, 4, 9, 3, 5, 5, 3, 11, 15, 7, 11, 7, 9, 5, 18, 8, 16, 8, 4, 13, 9, 9, 8, 35, 6, 9, 4, 11, 5, 4, 5, 10, 7, 1, 4, 7, 10, 14, 9, 3, 12, 7, 12, 4, 9, 7, 18, 6, 21, 11, 14, 2, 22, 6, 2, 12, 9, 8, 19, 7, 3, 2, 4, 14, 8, 4, 3, 6, 9, 11, 12, 14, 5, 12, 21, 10, 13, 17, 1, 20, 10, 6, 13, 4, 3, 5, 38, 19, 11, 6, 22, 2, 16, 19, 20, 9, 4, 22, 12, 5, 2, 12, 32, 12, 10, 7, 18, 5, 4, 2, 11, 6, 11, 27, 6, 2, 12, 1, 23, 5, 4, 7, 18, 18, 17, 6, 4, 17, 21, 14, 14, 3, 0, 4, 30, 5, 13, 35, 8, 7, 21, 19, 2, 7, 20, 20, 7, 20, 12, 14, 20, 7, 3, 10, 8, 10, 14, 10, 19, 1, 9, 18, 4, 7, 18, 4, 6, 5, 4, 28, 14, 6, 6, 4, 26, 3, 21, 24, 8, 13, 22, 4, 4, 11, 9, 28, 2, 2, 9, 24, 23, 15, 9, 3, 10, 17, 11, 3, 4, 5, 6, 9, 13, 5, 4, 15, 4, 3, 25, 6, 24, 15, 2, 5, 3, 21, 7, 16, 5, 10, 31, 31, 9, 4, 15, 3, 16, 4, 4, 37, 8, 5, 6, 1, 10, 7, 10, 2, 8, 2, 33, 9, 15, 6, 10, 21, 28, 4, 4, 9, 12, 22, 7, 6, 5, 10, 7, 2, 3, 7, 1, 19, 8, 10, 2, 29, 2, 9, 7, 5, 27, 9, 2, 5, 24, 4, 31, 30, 13, 3, 7, 5, 29, 29, 7, 4, 6, 4, 17, 5, 11, 41, 19, 21, 7, 11, 8, 13, 4, 3, 4, 4, 25, 15, 3, 11, 3, 3, 6, 12, 13, 65, 66, 3, 11, 12, 7, 6, 19, 18, 4, 2, 14, 21, 8, 6, 5, 11, 5, 36, 17, 24, 19, 3, 7, 10, 7, 4, 1, 10, 8, 7, 28, 5, 8, 7, 3, 6, 17, 5, 8, 6, 3, 6, 24, 12, 13, 10, 17, 38, 31, 9, 7, 3, 4, 5, 2, 35, 26, 10, 9, 11, 2, 12, 2, 17, 25, 9, 16, 3, 19, 10, 34, 16, 6, 5, 4, 3, 5, 29, 9, 11, 9, 8, 7, 32, 38, 3, 2, 4, 4, 3, 3, 4, 10, 5, 14, 4, 4, 3, 6, 28, 25, 4, 8, 4, 13, 9, 23, 16, 28, 9, 1, 7, 3, 1, 23, 11, 21, 2, 21, 4, 24, 3, 7, 11, 17, 11, 22, 6, 12, 12, 6, 6, 39, 5, 9, 9, 3, 10, 5, 10, 13, 29, 3, 19, 33, 5, 23, 4, 13, 16, 5, 9, 10, 4, 13, 9, 11, 1, 23, 9, 12, 4, 5, 0, 16, 4, 3, 21, 23, 5, 19, 11, 6, 1, 9, 4, 15, 10, 10, 8, 3, 8, 24, 16, 6, 6, 9, 20, 5, 12, 5, 15, 39, 20, 5, 16, 12, 8, 10, 8, 34, 9, 10, 24, 14, 5, 11, 2, 18, 2, 6, 12, 16, 8, 14, 4, 8, 6, 10, 9, 4, 12, 9, 3, 5, 4, 24, 4, 9, 4, 8, 46, 20, 7, 8, 12, 13, 24, 12, 33, 9, 1, 2, 18, 8, 8, 11, 2, 12, 9, 4, 7, 4, 51, 7, 7, 2, 20, 41, 23, 9, 9, 13, 7, 8, 4, 0]"
2,0.5,2,"[4, 7, 7, 14, 8, 9, 9, 9, 12, 5, 6, 6, 12, 15, 2, 2, 12, 3, 9, 10, 18, 22, 13, 6, 10, 3, 6, 38, 15, 49, 2, 2, 5, 23, 4, 5, 7, 29, 3, 9, 4, 18, 4, 5, 18, 7, 2, 9, 24, 24, 8, 4, 15, 4, 16, 8, 7, 11, 11, 2, 23, 4, 25, 4, 19, 3, 7, 13, 44, 4, 9, 6, 13, 10, 6, 31, 5, 13, 5, 5, 18, 5, 9, 10, 16, 10, 7, 3, 5, 10, 2, 9, 30, 24, 13, 30, 7, 4, 5, 9, 7, 1, 10, 9, 38, 2, 29, 7, 3, 2, 21, 6, 16, 25, 5, 12, 17, 7, 8, 19, 2, 8, 9, 4, 3, 14, 7, 24, 7, 17, 20, 19, 24, 3, 14, 10, 7, 3, 8, 4, 7, 4, 12, 2, 26, 11, 14, 17, 11, 11, 11, 3, 4, 4, 7, 5, 16, 5, 9, 9, 11, 4, 2, 14, 6, 23, 1, 18, 10, 15, 2, 5, 19, 4, 5, 18, 7, 4, 13, 24, 3, 14, 22, 20, 16, 23, 11, 18, 5, 7, 11, 3, 4, 10, 18, 12, 5, 13, 3, 6, 3, 9, 19, 4, 7, 11, 22, 2, 6, 3, 20, 12, 1, 15, 42, 4, 1, 11, 13, 19, 5, 3, 16, 12, 7, 22, 14, 5, 3, 8, 9, 9, 5, 17, 13, 2, 6, 26, 16, 3, 11, 26, 7, 7, 7, 13, 4, 28, 38, 6, 11, 24, 9, 13, 1, 7, 13, 10, 1, 8, 10, 10, 20, 6, 10, 3, 7, 7, 14, 5, 3, 8, 15, 4, 3, 20, 28, 7, 8, 6, 26, 6, 7, 8, 16, 4, 16, 23, 13, 9, 34, 6, 15, 16, 6, 5, 5, 21, 9, 3, 15, 8, 20, 11, 7, 13, 10, 15, 8, 10, 14, 13, 21, 14, 15, 14, 10, 7, 3, 6, 5, 1, 11, 44, 4, 1, 6, 5, 25, 6, 5, 14, 14, 6, 24, 5, 12, 9, 19, 22, 23, 8, 30, 16, 8, 8, 52, 6, 6, 22, 11, 7, 6, 8, 3, 8, 12, 14, 10, 9, 19, 4, 7, 27, 6, 3, 15, 20, 8, 13, 0, 6, 5, 39, 12, 10, 23, 10, 9, 3, 12, 5, 0, 41, 7, 24, 8, 3, 3, 4, 3, 14, 8, 15, 2, 10, 32, 2, 29, 11, 5, 1, 15, 22, 7, 8, 8, 27, 33, 50, 5, 19, 7, 2, 3, 2, 14, 22, 15, 9, 5, 1, 6, 8, 4, 8, 19, 0, 6, 9, 6, 43, 13, 6, 9, 18, 18, 9, 4, 5, 9, 8, 3, 6, 11, 5, 20, 6, 9, 7, 15, 11, 3, 15, 50, 3, 3, 8, 6, 10, 7, 7, 8, 16, 8, 5, 7, 18, 9, 7, 20, 26, 13, 27, 14, 19, 31, 9, 23, 11, 8, 13, 6, 27, 9, 10, 5, 6, 25, 13, 11, 5, 7, 5, 37, 13, 9, 10, 16, 50, 4, 21, 19, 39, 47, 3, 11, 5, 9, 4, 1, 6, 4, 6, 36, 11, 5, 7, 8, 24, 7, 7, 10, 5, 10, 6, 8, 7, 7, 5, 3, 32, 10, 9, 27, 31, 10, 10, 8, 40, 3, 2, 11, 14, 13, 32, 5, 10, 17, 19, 2, 2, 10, 12, 41, 3, 5, 12, 12, 4, 2, 21, 15, 7, 2, 5, 5, 5, 14, 31, 18, 46, 3, 8, 18, 25, 18, 5, 4, 3, 3, 8, 6, 21, 14, 13, 35, 3, 1, 7, 0, 4, 26, 22, 5, 13, 2, 34, 5, 17, 4, 12, 5, 4, 3, 10, 1, 3, 6, 5, 8, 5, 10, 7, 12, 7, 5, 5, 3, 1, 19, 9, 22, 8, 6, 5, 3, 17, 2, 4, 18, 6, 16, 7, 23, 10, 4, 6, 3, 17, 4, 4, 51, 13, 5, 1, 13, 13, 4, 27, 4, 5, 10, 17, 3, 14, 2, 9, 2, 9, 10, 24, 7, 13, 4, 8, 3, 5, 6, 13, 15, 2, 9, 24, 2, 10, 6, 8, 4, 7, 16, 10, 6, 24, 13, 5, 10, 14, 26, 3, 9, 12, 15, 5, 11, 7, 10, 2, 34, 1, 13, 6, 0, 5, 3, 5, 12, 17, 12, 4, 32, 5, 5, 18, 17, 9, 11, 7, 20, 17, 3, 4, 6, 16, 22, 19, 7, 14, 31, 18, 4, 18, 16, 7, 6, 7, 17, 2, 22, 36, 5, 11, 24, 24, 8]"
3,0.5,3,"[17, 2, 18, 16, 9, 24, 2, 5, 19, 14, 3, 3, 8, 4, 5, 3, 25, 16, 53, 7, 12, 7, 8, 17, 6, 9, 11, 27, 15, 13, 1, 17, 5, 4, 24, 12, 6, 4, 10, 13, 3, 18, 9, 23, 3, 6, 15, 5, 14, 9, 4, 25, 14, 3, 11, 23, 3, 10, 12, 10, 3, 5, 15, 7, 3, 17, 11, 5, 7, 4, 37, 13, 29, 3, 10, 25, 12, 34, 5, 15, 12, 5, 3, 13, 13, 3, 3, 5, 2, 12, 2, 24, 6, 16, 3, 8, 18, 2, 36, 24, 6, 3, 3, 10, 37, 12, 27, 11, 16, 49, 10, 6, 18, 12, 4, 14, 8, 6, 4, 16, 2, 18, 4, 0, 12, 2, 7, 20, 23, 3, 8, 20, 13, 6, 14, 19, 5, 3, 13, 20, 12, 0, 23, 15, 6, 21, 6, 20, 2, 6, 8, 4, 6, 10, 3, 3, 13, 6, 6, 4, 3, 16, 4, 8, 6, 6, 12, 10, 16, 12, 8, 12, 3, 4, 5, 10, 18, 11, 8, 2, 11, 5, 35, 4, 7, 12, 16, 12, 15, 7, 9, 9, 2, 16, 22, 9, 6, 20, 7, 11, 15, 3, 13, 2, 10, 4, 11, 7, 11, 7, 9, 20, 17, 15, 3, 4, 8, 12, 9, 15, 11, 2, 14, 6, 9, 15, 4, 16, 13, 14, 5, 3, 11, 7, 8, 10, 28, 6, 4, 6, 12, 13, 7, 4, 29, 5, 10, 3, 1, 13, 2, 9, 29, 8, 9, 14, 12, 24, 36, 4, 10, 4, 6, 11, 11, 15, 8, 15, 13, 15, 11, 10, 18, 7, 4, 14, 7, 5, 15, 7, 23, 24, 1, 6, 17, 27, 1, 8, 7, 20, 9, 4, 7, 18, 10, 13, 5, 6, 9, 4, 6, 9, 11, 5, 10, 7, 7, 11, 36, 28, 20, 14, 40, 6, 17, 27, 8, 16, 4, 26, 1, 4, 13, 4, 22, 34, 6, 21, 5, 3, 3, 5, 17, 16, 13, 5, 34, 18, 30, 10, 7, 14, 12, 7, 14, 6, 3, 24, 7, 6, 9, 3, 12, 10, 9, 13, 4, 5, 7, 12, 5, 8, 8, 6, 4, 13, 9, 5, 17, 5, 17, 3, 10, 20, 12, 21, 26, 9, 8, 14, 1, 10, 16, 5, 3, 5, 4, 4, 7, 3, 6, 21, 15, 2, 6, 13, 14, 79, 20, 3, 8, 12, 15, 6, 23, 27, 6, 6, 11, 4, 15, 7, 12, 5, 3, 9, 26, 15, 7, 4, 11, 5, 18, 10, 9, 6, 7, 8, 6, 3, 15, 5, 55, 4, 4, 18, 55, 5, 11, 0, 10, 7, 6, 6, 12, 7, 5, 12, 9, 15, 8, 13, 9, 8, 2, 5, 12, 16, 19, 9, 14, 11, 5, 6, 16, 2, 15, 24, 13, 18, 7, 17, 5, 6, 23, 7, 3, 34, 40, 1, 10, 16, 17, 12, 16, 3, 6, 6, 13, 5, 9, 14, 34, 13, 7, 14, 39, 4, 6, 3, 6, 7, 13, 13, 19, 2, 3, 8, 2, 6, 4, 11, 6, 2, 3, 10, 2, 6, 3, 2, 13, 41, 9, 13, 8, 1, 4, 7, 25, 2, 3, 33, 14, 10, 7, 5, 5, 14, 17, 18, 1, 26, 8, 25, 23, 14, 15, 12, 17, 12, 12, 12, 3, 8, 3, 2, 17, 16, 4, 4, 16, 2, 24, 7, 1, 32, 7, 10, 8, 8, 4, 3, 2, 3, 6, 18, 6, 31, 7, 2, 3, 7, 4, 7, 5, 35, 4, 53, 1, 12, 31, 12, 4, 11, 19, 18, 16, 53, 9, 20, 8, 11, 21, 4, 7, 3, 8, 5, 6, 20, 18, 5, 5, 7, 3, 33, 19, 3, 6, 1, 23, 10, 26, 1, 8, 27, 19, 18, 6, 3, 4, 5, 10, 12, 33, 2, 18, 11, 7, 19, 15, 11, 14, 27, 4, 15, 11, 6, 11, 15, 4, 12, 18, 2, 5, 25, 4, 7, 6, 0, 14, 11, 16, 11, 4, 4, 11, 3, 7, 5, 1, 10, 16, 10, 14, 3, 6, 25, 3, 8, 15, 7, 7, 15, 8, 8, 2, 14, 27, 33, 9, 22, 3, 16, 0, 5, 6, 13, 9, 4, 14, 8, 5, 46, 11, 6, 10, 1, 8, 34, 4, 18, 6, 13, 10, 11, 12, 7, 10, 7, 14, 2, 16, 5, 8, 4, 6, 11, 28, 14, 4, 7, 24, 6, 5, 9, 52, 5, 3, 11, 8, 15, 7, 32, 56]"
4,0.5,4,"[7, 3, 8, 6, 6, 2, 10, 12, 7, 31, 11, 25, 8, 11, 11, 3, 1, 32, 2, 4, 13, 5, 45, 7, 2, 8, 43, 4, 15, 13, 5, 9, 11, 5, 5, 7, 13, 20, 11, 5, 6, 6, 7, 6, 5, 3, 6, 3, 8, 2, 5, 6, 7, 6, 4, 7, 5, 11, 5, 3, 3, 9, 27, 12, 10, 5, 7, 1, 10, 16, 33, 19, 6, 5, 8, 2, 2, 2, 8, 12, 9, 12, 13, 33, 11, 5, 11, 18, 2, 8, 16, 10, 6, 8, 27, 15, 9, 8, 3, 16, 10, 5, 13, 8, 36, 15, 13, 5, 15, 32, 18, 8, 20, 10, 6, 9, 19, 13, 8, 3, 10, 42, 13, 13, 7, 4, 13, 23, 1, 15, 12, 3, 15, 8, 6, 22, 10, 5, 5, 6, 1, 2, 7, 2, 11, 6, 10, 3, 9, 6, 6, 8, 10, 3, 3, 4, 7, 12, 21, 18, 13, 26, 8, 20, 4, 9, 9, 8, 13, 13, 6, 9, 12, 6, 9, 22, 8, 11, 3, 4, 14, 3, 15, 2, 1, 3, 3, 8, 16, 8, 15, 11, 25, 16, 9, 6, 26, 5, 6, 8, 2, 8, 17, 4, 6, 2, 27, 12, 7, 7, 13, 18, 1, 2, 9, 3, 8, 2, 4, 1, 15, 1, 6, 13, 11, 12, 20, 19, 26, 15, 2, 18, 10, 5, 7, 21, 14, 25, 6, 9, 2, 9, 2, 5, 4, 7, 28, 10, 8, 5, 3, 9, 15, 41, 22, 1, 8, 1, 18, 23, 9, 1, 13, 20, 11, 7, 13, 2, 22, 8, 5, 6, 16, 4, 6, 5, 24, 2, 6, 3, 8, 16, 18, 4, 2, 10, 3, 2, 12, 3, 7, 5, 14, 15, 21, 26, 14, 33, 1, 3, 1, 3, 13, 24, 11, 10, 19, 3, 10, 14, 5, 2, 3, 44, 4, 10, 18, 8, 6, 2, 1, 10, 9, 30, 5, 5, 21, 34, 7, 20, 12, 6, 12, 42, 23, 31, 17, 8, 8, 4, 11, 8, 9, 7, 26, 10, 8, 31, 24, 17, 31, 20, 12, 6, 12, 1, 20, 8, 18, 25, 5, 5, 5, 8, 5, 5, 4, 1, 8, 6, 5, 17, 11, 2, 37, 22, 22, 6, 4, 9, 6, 38, 6, 13, 13, 16, 11, 34, 8, 9, 5, 3, 28, 22, 8, 14, 8, 4, 13, 7, 62, 3, 11, 10, 3, 11, 7, 8, 3, 12, 5, 12, 3, 12, 22, 31, 30, 3, 5, 11, 4, 23, 25, 9, 9, 3, 8, 8, 9, 5, 7, 4, 5, 12, 5, 16, 14, 4, 22, 4, 25, 10, 15, 14, 3, 5, 20, 12, 1, 2, 3, 14, 4, 22, 15, 9, 25, 12, 7, 5, 11, 19, 8, 17, 3, 11, 4, 21, 8, 21, 19, 9, 11, 5, 10, 8, 4, 22, 6, 5, 6, 3, 15, 5, 20, 4, 1, 27, 5, 21, 9, 8, 11, 6, 15, 13, 2, 7, 11, 3, 15, 4, 2, 12, 2, 7, 10, 2, 22, 10, 5, 6, 24, 2, 1, 13, 26, 41, 4, 16, 10, 4, 14, 7, 28, 8, 8, 11, 10, 9, 4, 6, 1, 1, 49, 8, 20, 11, 7, 12, 10, 5, 13, 35, 7, 0, 2, 6, 5, 6, 7, 14, 17, 9, 4, 10, 5, 2, 7, 5, 54, 4, 3, 6, 22, 5, 26, 6, 7, 9, 3, 4, 28, 11, 6, 13, 15, 3, 3, 11, 3, 5, 34, 3, 14, 13, 5, 4, 28, 33, 6, 26, 0, 10, 5, 11, 5, 10, 9, 23, 3, 3, 48, 3, 7, 11, 13, 2, 49, 8, 6, 5, 6, 11, 9, 16, 2, 16, 4, 31, 19, 16, 14, 6, 7, 4, 4, 3, 8, 4, 23, 15, 12, 3, 2, 9, 3, 6, 3, 5, 11, 6, 15, 28, 4, 15, 7, 22, 16, 2, 4, 5, 6, 5, 12, 13, 5, 23, 21, 8, 13, 23, 1, 4, 8, 42, 11, 11, 3, 4, 3, 5, 31, 8, 4, 6, 12, 16, 7, 4, 13, 7, 12, 22, 20, 24, 9, 13, 3, 8, 19, 5, 10, 16, 5, 10, 3, 41, 13, 27, 40, 14, 11, 5, 20, 21, 1, 5, 36, 16, 10, 4, 5, 13, 4, 9, 17, 12, 16, 5, 13, 5, 4, 6, 19, 33, 3, 8, 40, 6, 18, 6, 9, 4, 22, 9, 4, 12, 2, 15, 9, 4, 17, 10, 12]"
5,0.75,5,"[1, 8, 6, 26, 9, 5, 7, 12, 5, 11, 13, 3, 14, 9, 16, 8, 4, 33, 23, 2, 7, 7, 61, 38, 7, 11, 2, 15, 0, 1, 3, 15, 7, 8, 4, 11, 6, 13, 10, 1, 6, 10, 8, 3, 13, 14, 8, 9, 21, 7, 8, 34, 5, 4, 5, 3, 1, 4, 20, 3, 3, 4, 12, 20, 3, 3, 20, 2, 8, 36, 7, 10, 8, 3, 12, 10, 1, 6, 4, 14, 6, 21, 5, 10, 10, 8, 5, 2, 11, 4, 10, 8, 3, 6, 11, 16, 7, 2, 9, 15, 8, 4, 2, 8, 4, 19, 41, 13, 18, 24, 8, 5, 13, 9, 15, 3, 33, 18, 4, 4, 12, 17, 7, 12, 7, 19, 5, 41, 8, 12, 6, 4, 6, 11, 7, 31, 6, 5, 16, 11, 13, 11, 11, 3, 5, 13, 14, 8, 2, 13, 18, 6, 12, 3, 4, 5, 29, 4, 10, 11, 25, 10, 4, 22, 2, 6, 3, 3, 6, 13, 1, 12, 11, 5, 5, 27, 8, 6, 12, 17, 3, 2, 14, 8, 17, 4, 19, 13, 21, 21, 14, 15, 13, 4, 18, 6, 1, 4, 4, 19, 4, 12, 5, 9, 16, 24, 14, 14, 15, 1, 8, 12, 9, 8, 11, 8, 8, 11, 10, 10, 5, 7, 3, 4, 12, 7, 14, 4, 4, 12, 9, 17, 4, 3, 5, 6, 4, 5, 5, 14, 11, 7, 8, 4, 10, 4, 1, 29, 19, 2, 4, 5, 30, 1, 7, 8, 2, 3, 2, 16, 6, 2, 6, 7, 12, 7, 3, 13, 4, 10, 9, 1, 19, 9, 3, 7, 8, 3, 13, 16, 4, 20, 10, 4, 8, 14, 8, 9, 13, 2, 21, 7, 5, 4, 10, 3, 13, 21, 5, 19, 22, 20, 6, 12, 10, 26, 6, 23, 10, 18, 34, 26, 8, 10, 27, 0, 25, 11, 4, 5, 9, 8, 10, 36, 6, 8, 5, 4, 11, 19, 2, 17, 6, 11, 7, 23, 0, 5, 16, 2, 5, 15, 14, 2, 19, 8, 18, 28, 8, 3, 6, 5, 16, 3, 8, 11, 15, 5, 7, 19, 6, 9, 4, 2, 5, 3, 19, 7, 14, 5, 3, 9, 9, 10, 12, 17, 29, 5, 9, 3, 24, 16, 15, 25, 28, 5, 22, 9, 12, 9, 8, 4, 3, 5, 5, 14, 6, 3, 25, 3, 19, 8, 7, 11, 23, 17, 5, 6, 6, 10, 31, 3, 2, 1, 14, 3, 8, 15, 13, 8, 7, 14, 11, 6, 18, 8, 10, 17, 10, 10, 60, 6, 8, 12, 5, 4, 4, 6, 10, 7, 38, 2, 7, 4, 4, 25, 3, 15, 8, 5, 5, 5, 3, 8, 5, 9, 9, 26, 9, 10, 12, 22, 31, 8, 22, 1, 14, 11, 2, 9, 2, 9, 5, 14, 29, 9, 10, 7, 2, 15, 5, 8, 10, 19, 19, 19, 18, 14, 3, 25, 7, 19, 9, 2, 6, 0, 16, 4, 2, 42, 0, 4, 11, 6, 7, 6, 6, 3, 7, 19, 4, 7, 33, 9, 4, 4, 7, 31, 9, 14, 3, 0, 3, 12, 11, 9, 10, 9, 17, 1, 3, 4, 5, 7, 3, 10, 4, 19, 21, 5, 10, 31, 5, 12, 20, 1, 25, 7, 51, 41, 24, 28, 3, 18, 3, 3, 39, 12, 3, 10, 17, 46, 6, 8, 2, 10, 14, 10, 4, 38, 19, 8, 9, 9, 3, 31, 10, 4, 5, 6, 5, 13, 3, 4, 29, 1, 27, 4, 15, 12, 1, 15, 10, 14, 18, 44, 2, 5, 7, 4, 11, 8, 6, 8, 1, 4, 5, 4, 5, 4, 50, 31, 15, 10, 6, 22, 8, 15, 9, 13, 20, 4, 37, 17, 12, 17, 3, 7, 17, 6, 10, 6, 18, 1, 9, 2, 7, 21, 8, 27, 21, 9, 19, 15, 14, 6, 13, 15, 9, 15, 10, 9, 4, 3, 25, 2, 11, 15, 1, 5, 2, 3, 7, 10, 12, 7, 15, 6, 7, 5, 7, 19, 11, 9, 12, 10, 6, 17, 18, 1, 8, 6, 3, 6, 7, 8, 8, 11, 16, 2, 9, 25, 6, 4, 1, 2, 10, 6, 12, 9, 15, 15, 25, 12, 10, 20, 5, 9, 13, 5, 13, 4, 11, 12, 14, 3, 14, 9, 5, 5, 10, 3, 17, 6, 15, 13, 7, 5, 22, 5, 19, 6, 9, 3, 25, 16, 3, 21, 3, 5, 43, 13, 15, 28, 2]"
6,0.75,6,"[11, 5, 23, 6, 9, 8, 4, 14, 6, 9, 6, 3, 8, 12, 7, 7, 2, 19, 5, 5, 24, 5, 16, 7, 4, 29, 7, 20, 15, 2, 2, 5, 5, 16, 6, 14, 11, 19, 9, 1, 20, 18, 5, 13, 1, 5, 6, 8, 11, 1, 3, 6, 25, 3, 20, 4, 5, 1, 9, 7, 7, 14, 83, 22, 5, 6, 4, 5, 19, 13, 5, 3, 21, 4, 32, 16, 10, 9, 18, 21, 7, 9, 10, 18, 5, 13, 13, 5, 2, 5, 20, 6, 3, 9, 5, 24, 16, 6, 8, 1, 12, 1, 8, 29, 5, 2, 5, 2, 4, 4, 17, 6, 16, 3, 20, 5, 6, 11, 26, 3, 31, 17, 7, 25, 3, 5, 8, 35, 21, 5, 3, 16, 14, 13, 12, 7, 5, 8, 28, 6, 12, 6, 3, 6, 3, 9, 1, 11, 17, 6, 5, 4, 3, 25, 10, 1, 16, 16, 5, 12, 16, 3, 10, 11, 7, 7, 6, 7, 23, 5, 8, 8, 6, 6, 3, 14, 7, 24, 22, 14, 7, 0, 16, 5, 0, 24, 9, 10, 19, 10, 32, 7, 11, 6, 6, 2, 10, 10, 17, 8, 5, 15, 22, 9, 1, 4, 6, 15, 12, 5, 21, 2, 18, 6, 20, 23, 7, 10, 10, 2, 22, 2, 1, 8, 11, 10, 2, 4, 0, 7, 1, 8, 1, 14, 2, 6, 24, 2, 18, 11, 24, 11, 5, 5, 2, 8, 22, 24, 13, 2, 3, 8, 11, 3, 14, 4, 3, 4, 1, 5, 25, 3, 4, 16, 6, 19, 35, 5, 23, 7, 12, 9, 11, 2, 2, 2, 12, 13, 19, 10, 7, 11, 8, 20, 21, 12, 25, 30, 2, 14, 11, 11, 11, 13, 0, 8, 5, 7, 13, 11, 2, 4, 22, 21, 9, 3, 5, 9, 12, 2, 4, 16, 18, 9, 1, 2, 28, 8, 6, 3, 5, 17, 28, 18, 10, 25, 10, 6, 6, 8, 16, 12, 7, 7, 5, 17, 9, 25, 7, 24, 8, 14, 12, 23, 2, 4, 18, 2, 3, 4, 27, 20, 11, 2, 8, 11, 16, 3, 9, 16, 10, 4, 8, 15, 11, 10, 14, 15, 8, 6, 8, 13, 11, 23, 7, 16, 8, 13, 5, 13, 5, 13, 20, 3, 12, 14, 14, 2, 11, 2, 2, 8, 1, 4, 5, 6, 19, 4, 6, 3, 4, 8, 4, 3, 7, 41, 7, 9, 9, 7, 7, 12, 3, 16, 3, 13, 16, 4, 4, 11, 5, 2, 7, 17, 6, 35, 14, 5, 3, 27, 7, 15, 15, 3, 8, 2, 56, 14, 5, 2, 23, 25, 69, 21, 9, 1, 7, 20, 2, 19, 2, 6, 9, 6, 24, 4, 13, 12, 7, 20, 8, 29, 12, 3, 5, 2, 14, 9, 15, 15, 3, 4, 5, 2, 13, 4, 1, 6, 20, 17, 1, 13, 1, 10, 12, 22, 2, 7, 6, 25, 0, 4, 12, 6, 5, 17, 22, 17, 5, 8, 16, 12, 7, 19, 18, 10, 3, 6, 5, 4, 5, 3, 13, 4, 11, 5, 5, 7, 9, 6, 10, 11, 19, 26, 11, 7, 5, 4, 23, 14, 4, 4, 4, 1, 27, 11, 13, 4, 7, 33, 22, 10, 10, 4, 2, 48, 58, 2, 0, 2, 13, 2, 7, 3, 13, 9, 13, 1, 6, 5, 18, 57, 8, 14, 1, 6, 9, 13, 5, 22, 5, 30, 10, 29, 25, 11, 12, 11, 9, 7, 8, 53, 4, 25, 6, 5, 13, 2, 48, 39, 4, 5, 3, 16, 8, 52, 16, 3, 10, 52, 7, 4, 5, 12, 30, 2, 14, 3, 11, 5, 7, 9, 5, 4, 11, 6, 5, 32, 30, 35, 6, 5, 3, 5, 6, 6, 10, 21, 7, 36, 11, 5, 8, 13, 18, 5, 8, 6, 11, 2, 14, 6, 11, 30, 11, 3, 2, 2, 2, 26, 9, 7, 11, 20, 11, 8, 3, 10, 14, 8, 14, 5, 15, 3, 5, 19, 8, 13, 6, 14, 5, 23, 4, 4, 7, 3, 4, 10, 17, 3, 4, 24, 12, 9, 7, 2, 4, 3, 12, 3, 2, 4, 4, 13, 15, 4, 9, 14, 6, 5, 5, 17, 6, 32, 15, 6, 8, 8, 15, 5, 7, 5, 6, 6, 14, 26, 13, 19, 14, 6, 6, 2, 13, 15, 3, 18, 9, 13, 40, 4, 3, 4, 18, 82, 6, 2, 9, 5, 21, 6, 11, 10, 14, 10, 11]"
7,0.75,7,"[18, 9, 2, 8, 8, 6, 9, 9, 3, 34, 7, 2, 9, 10, 1, 11, 8, 5, 1, 22, 9, 2, 6, 18, 17, 11, 7, 8, 1, 2, 12, 5, 3, 10, 8, 11, 5, 8, 11, 2, 13, 14, 6, 12, 8, 4, 8, 9, 27, 19, 18, 2, 11, 4, 3, 5, 9, 10, 5, 9, 20, 20, 14, 12, 9, 14, 6, 11, 6, 11, 4, 21, 34, 8, 8, 3, 5, 10, 5, 16, 11, 16, 13, 6, 9, 12, 20, 10, 10, 4, 12, 3, 5, 13, 3, 13, 13, 6, 12, 36, 3, 19, 9, 10, 7, 11, 5, 36, 8, 30, 7, 12, 13, 13, 7, 21, 4, 7, 2, 14, 8, 23, 1, 4, 12, 5, 22, 7, 18, 10, 1, 12, 3, 10, 2, 9, 19, 2, 2, 10, 16, 18, 3, 5, 10, 8, 3, 13, 43, 6, 4, 8, 12, 3, 5, 10, 5, 6, 11, 15, 24, 14, 9, 2, 8, 16, 20, 15, 19, 7, 6, 18, 4, 8, 6, 2, 26, 3, 16, 19, 6, 10, 30, 9, 26, 9, 11, 6, 12, 6, 24, 6, 10, 17, 9, 10, 3, 4, 2, 5, 20, 2, 8, 15, 9, 9, 10, 19, 19, 16, 12, 12, 15, 6, 3, 12, 4, 1, 6, 1, 10, 3, 2, 5, 12, 3, 11, 9, 10, 11, 3, 3, 5, 14, 6, 11, 2, 5, 6, 5, 35, 12, 19, 12, 12, 5, 11, 9, 2, 11, 7, 10, 15, 5, 7, 7, 6, 5, 7, 7, 5, 4, 7, 1, 3, 13, 0, 2, 18, 1, 17, 14, 38, 5, 10, 11, 10, 10, 10, 5, 9, 1, 2, 5, 28, 6, 3, 22, 7, 9, 7, 7, 9, 7, 3, 6, 7, 9, 6, 7, 10, 0, 7, 5, 5, 7, 7, 32, 8, 27, 30, 18, 7, 28, 18, 28, 30, 8, 20, 4, 12, 7, 12, 12, 2, 5, 26, 8, 3, 16, 8, 13, 13, 1, 38, 21, 8, 8, 1, 5, 17, 13, 19, 23, 9, 3, 27, 15, 21, 10, 5, 2, 5, 8, 8, 10, 19, 7, 2, 8, 1, 24, 15, 7, 5, 17, 9, 16, 10, 5, 7, 7, 5, 24, 9, 11, 30, 19, 25, 15, 14, 10, 3, 5, 10, 3, 27, 7, 9, 10, 6, 1, 7, 6, 8, 19, 8, 11, 4, 30, 3, 0, 4, 22, 15, 5, 5, 3, 13, 6, 8, 6, 3, 3, 8, 16, 4, 14, 36, 2, 2, 12, 17, 8, 8, 10, 23, 4, 9, 16, 7, 6, 3, 2, 32, 7, 21, 8, 11, 2, 67, 7, 5, 6, 9, 5, 33, 7, 2, 6, 12, 8, 9, 11, 20, 3, 25, 13, 17, 2, 9, 15, 24, 5, 13, 11, 25, 6, 13, 25, 4, 14, 9, 47, 45, 11, 20, 5, 3, 5, 2, 9, 19, 19, 10, 2, 13, 4, 5, 11, 2, 19, 12, 6, 5, 10, 18, 7, 14, 42, 35, 2, 8, 5, 25, 7, 10, 13, 15, 10, 14, 2, 7, 8, 15, 4, 9, 0, 3, 14, 2, 3, 35, 2, 29, 17, 45, 7, 25, 3, 17, 10, 5, 10, 0, 3, 6, 26, 72, 2, 4, 8, 2, 13, 1, 3, 26, 24, 6, 12, 4, 10, 3, 5, 2, 25, 16, 3, 17, 6, 8, 4, 33, 16, 8, 3, 4, 1, 7, 21, 9, 2, 12, 15, 15, 5, 12, 31, 5, 1, 6, 1, 26, 42, 1, 7, 17, 16, 17, 7, 25, 14, 21, 5, 8, 5, 5, 11, 20, 16, 27, 12, 9, 3, 21, 30, 21, 1, 2, 27, 19, 12, 2, 5, 15, 16, 6, 6, 4, 2, 19, 10, 17, 4, 28, 19, 2, 7, 16, 23, 17, 14, 3, 27, 2, 23, 9, 20, 11, 9, 13, 9, 26, 39, 2, 9, 14, 3, 3, 34, 4, 13, 7, 15, 39, 27, 1, 2, 1, 2, 7, 25, 9, 22, 4, 15, 8, 4, 21, 21, 9, 22, 12, 3, 6, 3, 4, 19, 5, 14, 7, 28, 7, 6, 7, 34, 4, 0, 1, 5, 2, 13, 3, 6, 10, 18, 20, 7, 12, 5, 8, 21, 11, 20, 10, 5, 4, 17, 15, 9, 5, 8, 21, 3, 25, 15, 20, 8, 3, 7, 6, 11, 9, 6, 8, 18, 29, 19, 17, 1, 11, 28, 5, 3, 11, 15, 12, 3, 5, 14, 15, 10, 13, 6, 2]"
8,0.75,8,"[12, 9, 20, 8, 3, 9, 14, 9, 6, 7, 4, 15, 2, 11, 11, 11, 9, 9, 6, 40, 9, 11, 5, 1, 22, 17, 40, 16, 5, 24, 13, 5, 10, 10, 5, 2, 12, 5, 4, 22, 8, 16, 12, 10, 8, 4, 12, 5, 12, 79, 31, 4, 24, 7, 1, 10, 1, 9, 4, 8, 21, 2, 13, 29, 16, 18, 5, 8, 2, 11, 42, 10, 5, 11, 11, 8, 3, 5, 12, 15, 13, 8, 6, 8, 9, 8, 8, 13, 2, 20, 5, 13, 12, 7, 12, 10, 10, 5, 13, 17, 7, 11, 4, 3, 33, 6, 7, 16, 17, 6, 15, 7, 23, 11, 2, 8, 6, 6, 20, 5, 16, 27, 4, 16, 8, 14, 6, 10, 6, 4, 11, 6, 3, 8, 11, 5, 3, 13, 4, 12, 8, 6, 12, 24, 10, 9, 14, 5, 5, 5, 4, 21, 0, 10, 4, 26, 18, 3, 2, 26, 3, 22, 10, 4, 6, 7, 3, 10, 8, 7, 9, 9, 8, 3, 6, 17, 5, 10, 19, 3, 5, 11, 4, 20, 15, 11, 2, 14, 5, 15, 6, 10, 3, 9, 3, 22, 2, 3, 13, 6, 4, 13, 19, 16, 11, 9, 30, 6, 8, 24, 13, 2, 8, 3, 5, 11, 5, 15, 7, 9, 13, 2, 1, 19, 7, 14, 9, 6, 12, 3, 12, 4, 10, 26, 9, 3, 11, 10, 9, 8, 6, 8, 3, 4, 8, 11, 7, 30, 10, 6, 5, 6, 7, 17, 4, 5, 21, 3, 6, 14, 1, 5, 4, 7, 10, 5, 39, 7, 17, 3, 3, 8, 17, 10, 5, 1, 19, 2, 6, 23, 6, 8, 9, 9, 6, 10, 5, 23, 12, 34, 0, 1, 16, 5, 9, 7, 35, 19, 10, 10, 21, 11, 11, 14, 30, 6, 6, 2, 34, 17, 16, 20, 3, 5, 16, 17, 9, 1, 9, 4, 5, 8, 19, 18, 5, 12, 13, 12, 20, 3, 5, 12, 5, 8, 23, 8, 15, 9, 10, 15, 34, 5, 31, 14, 15, 1, 9, 6, 8, 25, 4, 31, 9, 12, 19, 17, 12, 13, 25, 14, 11, 2, 22, 15, 6, 3, 8, 18, 12, 3, 7, 15, 15, 9, 34, 14, 8, 6, 11, 6, 9, 4, 5, 24, 9, 12, 14, 6, 5, 10, 2, 12, 12, 4, 9, 14, 5, 4, 5, 3, 11, 4, 11, 39, 29, 22, 7, 4, 8, 7, 12, 4, 3, 20, 28, 16, 16, 11, 5, 3, 8, 15, 6, 10, 7, 6, 37, 12, 20, 0, 21, 2, 6, 23, 12, 1, 16, 7, 21, 5, 6, 9, 19, 7, 8, 19, 12, 3, 27, 8, 5, 14, 3, 21, 11, 11, 12, 10, 21, 8, 2, 27, 11, 19, 25, 27, 3, 6, 7, 18, 8, 16, 11, 10, 20, 3, 11, 5, 28, 5, 2, 5, 11, 22, 18, 26, 2, 33, 11, 13, 11, 7, 14, 28, 18, 4, 20, 5, 18, 11, 5, 9, 18, 15, 18, 27, 8, 2, 5, 8, 19, 10, 6, 7, 24, 10, 8, 6, 9, 5, 7, 19, 12, 31, 34, 12, 20, 10, 1, 32, 6, 4, 15, 2, 7, 2, 3, 6, 10, 2, 16, 14, 2, 4, 13, 35, 4, 3, 24, 3, 2, 38, 18, 33, 29, 11, 6, 13, 6, 6, 11, 26, 11, 5, 8, 6, 10, 3, 16, 20, 22, 7, 4, 12, 11, 3, 8, 1, 18, 3, 2, 24, 8, 11, 77, 9, 10, 10, 19, 10, 10, 5, 22, 8, 22, 15, 5, 7, 5, 9, 6, 14, 30, 10, 6, 4, 13, 5, 4, 7, 9, 10, 7, 14, 71, 13, 8, 4, 10, 7, 11, 15, 8, 3, 16, 9, 13, 29, 4, 14, 18, 9, 23, 12, 7, 10, 15, 10, 10, 5, 12, 6, 16, 44, 2, 5, 14, 3, 2, 5, 1, 8, 21, 4, 19, 22, 4, 7, 24, 6, 6, 10, 6, 24, 6, 9, 6, 7, 12, 11, 5, 6, 27, 5, 9, 19, 19, 8, 6, 11, 3, 6, 6, 2, 23, 7, 2, 7, 8, 8, 19, 13, 10, 5, 2, 5, 5, 9, 0, 38, 19, 15, 8, 3, 2, 11, 1, 3, 18, 2, 11, 13, 11, 19, 4, 12, 5, 8, 12, 5, 6, 10, 2, 9, 11, 4, 18, 10, 8, 5, 6, 5, 6, 9, 13, 12, 4, 3, 27, 18, 12, 9, 13, 3, 4]"
9,0.75,9,"[7, 14, 5, 17, 9, 3, 11, 3, 14, 1, 3, 42, 1, 7, 20, 10, 21, 12, 12, 9, 11, 4, 8, 42, 17, 12, 6, 8, 7, 35, 4, 1, 8, 4, 1, 21, 11, 5, 8, 7, 1, 6, 20, 7, 5, 14, 5, 4, 19, 8, 7, 8, 2, 4, 33, 16, 5, 9, 9, 4, 14, 16, 33, 24, 2, 11, 5, 5, 12, 7, 55, 11, 1, 15, 8, 15, 4, 5, 8, 8, 15, 16, 12, 4, 2, 14, 2, 7, 5, 1, 4, 4, 9, 3, 10, 8, 28, 33, 18, 12, 4, 8, 3, 5, 15, 32, 9, 7, 7, 9, 14, 8, 9, 13, 17, 13, 14, 1, 7, 11, 13, 27, 3, 15, 4, 2, 7, 10, 8, 10, 19, 7, 17, 6, 28, 40, 4, 13, 5, 14, 6, 18, 5, 8, 8, 0, 2, 6, 9, 5, 2, 14, 3, 10, 8, 5, 8, 12, 21, 17, 5, 1, 6, 27, 11, 9, 2, 5, 3, 9, 8, 7, 7, 3, 14, 2, 7, 7, 20, 3, 17, 5, 11, 6, 12, 8, 17, 24, 3, 23, 5, 7, 19, 11, 3, 5, 5, 13, 18, 2, 9, 17, 6, 13, 8, 9, 34, 16, 8, 1, 6, 31, 23, 18, 4, 33, 15, 5, 5, 6, 14, 2, 12, 3, 7, 16, 6, 7, 11, 8, 1, 11, 6, 7, 6, 11, 30, 5, 6, 12, 9, 14, 18, 5, 10, 12, 27, 10, 8, 4, 4, 10, 10, 23, 6, 3, 18, 11, 4, 19, 6, 6, 4, 3, 12, 23, 6, 9, 7, 2, 1, 9, 18, 0, 6, 15, 6, 5, 7, 9, 4, 8, 13, 14, 8, 9, 3, 13, 2, 9, 20, 19, 9, 7, 9, 13, 21, 2, 10, 20, 11, 17, 8, 7, 10, 4, 12, 6, 5, 12, 12, 6, 6, 11, 19, 10, 39, 19, 11, 15, 28, 12, 9, 8, 11, 5, 17, 22, 12, 16, 10, 2, 0, 3, 5, 3, 6, 16, 6, 8, 21, 14, 15, 10, 7, 3, 9, 18, 10, 3, 7, 9, 8, 13, 5, 34, 7, 17, 9, 9, 6, 12, 9, 14, 5, 19, 10, 17, 10, 0, 3, 8, 20, 3, 5, 5, 17, 3, 23, 8, 14, 5, 25, 21, 8, 6, 15, 5, 9, 1, 9, 3, 15, 2, 9, 7, 2, 14, 4, 2, 11, 29, 21, 20, 4, 3, 1, 3, 17, 9, 8, 10, 52, 7, 12, 11, 20, 7, 3, 12, 5, 5, 13, 12, 5, 19, 10, 18, 24, 7, 13, 7, 52, 19, 31, 57, 5, 10, 37, 6, 5, 7, 5, 18, 7, 13, 0, 9, 4, 11, 7, 3, 18, 26, 23, 14, 8, 19, 9, 9, 13, 7, 4, 9, 3, 1, 5, 7, 1, 16, 16, 5, 14, 7, 5, 8, 10, 5, 6, 3, 24, 26, 4, 19, 16, 4, 4, 2, 7, 28, 9, 22, 18, 5, 31, 8, 2, 5, 27, 25, 12, 36, 9, 5, 6, 12, 8, 2, 15, 1, 5, 8, 22, 5, 5, 4, 4, 21, 13, 4, 48, 17, 13, 6, 9, 7, 6, 2, 2, 38, 18, 6, 8, 9, 27, 10, 15, 2, 52, 13, 9, 43, 8, 1, 14, 37, 6, 12, 7, 2, 4, 6, 3, 8, 28, 12, 5, 63, 16, 5, 12, 12, 7, 7, 2, 18, 5, 14, 9, 3, 9, 8, 14, 16, 5, 12, 16, 27, 3, 3, 4, 7, 8, 4, 3, 6, 14, 3, 2, 3, 17, 2, 11, 4, 7, 4, 6, 8, 17, 20, 23, 7, 4, 3, 7, 12, 8, 4, 28, 5, 7, 4, 4, 8, 7, 3, 6, 7, 6, 16, 11, 9, 34, 16, 12, 13, 3, 13, 14, 12, 13, 9, 3, 10, 14, 11, 9, 1, 16, 8, 12, 5, 16, 21, 15, 15, 28, 5, 6, 10, 4, 6, 6, 5, 5, 21, 5, 3, 4, 2, 22, 12, 2, 21, 13, 10, 5, 11, 6, 29, 7, 12, 12, 4, 8, 7, 11, 12, 7, 11, 19, 9, 8, 12, 6, 10, 22, 2, 3, 11, 0, 5, 20, 20, 12, 17, 7, 57, 10, 4, 4, 6, 8, 3, 16, 3, 2, 16, 12, 15, 13, 3, 18, 13, 14, 14, 13, 14, 10, 2, 1, 5, 11, 5, 35, 24, 17, 5, 21, 11, 5, 5, 4, 62, 20, 20, 45, 11, 4, 17, 5, 12, 4, 10, 15]"
10,1.0,10,"[9, 5, 5, 2, 5, 10, 2, 37, 5, 8, 5, 4, 2, 4, 23, 17, 11, 17, 9, 10, 20, 2, 3, 15, 10, 6, 8, 5, 4, 8, 2, 12, 1, 4, 19, 10, 4, 1, 9, 15, 8, 12, 19, 8, 17, 2, 3, 14, 2, 10, 6, 5, 3, 24, 23, 13, 3, 6, 4, 5, 14, 4, 11, 31, 8, 41, 6, 7, 13, 9, 16, 6, 8, 6, 6, 6, 4, 3, 9, 13, 16, 14, 19, 9, 21, 18, 16, 7, 4, 4, 11, 15, 23, 31, 2, 10, 16, 10, 15, 21, 6, 5, 12, 4, 13, 2, 10, 1, 5, 13, 4, 11, 1, 22, 10, 4, 4, 8, 20, 1, 13, 14, 12, 14, 30, 14, 11, 12, 2, 13, 20, 11, 6, 11, 7, 35, 9, 7, 4, 4, 4, 14, 6, 20, 7, 14, 11, 5, 14, 5, 2, 6, 3, 12, 4, 13, 16, 3, 6, 1, 31, 7, 11, 8, 10, 18, 5, 2, 8, 5, 13, 6, 1, 25, 7, 11, 7, 8, 12, 10, 18, 5, 36, 4, 10, 12, 12, 6, 11, 19, 15, 5, 3, 9, 3, 10, 10, 9, 7, 8, 6, 7, 16, 11, 5, 8, 14, 14, 1, 5, 9, 4, 4, 10, 1, 8, 9, 2, 2, 5, 3, 15, 19, 2, 9, 9, 7, 26, 4, 5, 23, 17, 16, 7, 19, 6, 12, 4, 6, 9, 6, 11, 13, 1, 9, 1, 22, 1, 6, 6, 13, 2, 7, 15, 12, 9, 18, 6, 17, 16, 9, 3, 8, 19, 16, 8, 4, 5, 19, 11, 10, 11, 8, 7, 8, 6, 4, 6, 5, 5, 11, 14, 16, 12, 19, 7, 9, 14, 10, 19, 7, 6, 9, 9, 14, 7, 8, 8, 6, 12, 35, 12, 9, 6, 20, 11, 17, 17, 14, 2, 2, 3, 2, 4, 30, 32, 7, 7, 15, 4, 10, 13, 13, 18, 6, 15, 5, 2, 5, 5, 23, 5, 15, 12, 11, 15, 6, 4, 11, 4, 9, 15, 17, 14, 12, 4, 21, 5, 6, 7, 28, 7, 8, 10, 10, 10, 13, 4, 3, 7, 11, 10, 2, 1, 12, 16, 11, 6, 19, 9, 9, 2, 11, 5, 17, 21, 7, 18, 9, 7, 14, 5, 14, 5, 27, 2, 5, 8, 11, 17, 11, 3, 3, 7, 6, 9, 4, 3, 5, 3, 9, 6, 8, 41, 8, 4, 11, 11, 13, 6, 5, 3, 3, 5, 8, 1, 5, 20, 6, 30, 8, 3, 18, 13, 7, 20, 10, 5, 14, 6, 3, 3, 6, 5, 24, 7, 6, 10, 6, 3, 67, 25, 6, 5, 10, 2, 1, 6, 6, 11, 12, 9, 3, 37, 28, 13, 2, 10, 14, 22, 28, 14, 21, 18, 13, 9, 5, 16, 5, 15, 16, 2, 7, 12, 9, 14, 0, 20, 14, 10, 4, 6, 8, 7, 9, 13, 5, 11, 8, 11, 5, 6, 8, 20, 11, 8, 18, 18, 11, 7, 41, 18, 9, 1, 2, 21, 6, 4, 3, 2, 6, 3, 12, 2, 18, 5, 7, 10, 7, 3, 4, 10, 45, 7, 4, 17, 4, 4, 5, 13, 9, 4, 12, 26, 36, 6, 2, 41, 12, 2, 22, 3, 15, 34, 9, 5, 33, 7, 7, 5, 3, 6, 4, 40, 2, 4, 17, 7, 5, 7, 8, 19, 7, 12, 8, 4, 2, 22, 39, 34, 6, 9, 4, 9, 15, 10, 2, 10, 3, 6, 2, 27, 4, 8, 9, 6, 1, 54, 49, 12, 14, 22, 14, 2, 9, 4, 7, 14, 20, 22, 23, 44, 5, 5, 4, 1, 13, 25, 2, 8, 4, 5, 4, 16, 11, 30, 4, 3, 7, 15, 15, 21, 5, 8, 15, 12, 20, 12, 11, 4, 15, 11, 31, 4, 12, 2, 5, 11, 8, 23, 24, 9, 4, 6, 9, 21, 21, 4, 6, 10, 0, 5, 3, 15, 17, 19, 8, 7, 4, 13, 5, 19, 4, 5, 10, 5, 14, 8, 6, 4, 18, 19, 7, 30, 8, 1, 6, 16, 5, 30, 4, 8, 7, 12, 3, 9, 14, 8, 11, 11, 13, 5, 11, 10, 4, 5, 9, 3, 2, 2, 8, 4, 8, 40, 4, 4, 10, 4, 7, 9, 14, 11, 20, 19, 5, 1, 4, 19, 32, 2, 5, 10, 13, 7, 3, 14, 7, 20, 27, 4, 10, 15, 34, 5, 4, 64, 14, 9, 0, 4, 14, 12, 3, 3, 9]"
11,1.0,11,"[12, 18, 10, 4, 1, 14, 5, 21, 7, 0, 8, 23, 4, 4, 6, 2, 23, 7, 6, 4, 4, 13, 5, 6, 29, 7, 11, 13, 8, 1, 6, 9, 10, 11, 3, 5, 6, 6, 7, 4, 4, 11, 10, 12, 3, 5, 5, 27, 48, 6, 14, 7, 12, 8, 3, 1, 21, 20, 7, 10, 10, 2, 5, 9, 3, 3, 47, 4, 4, 11, 6, 7, 6, 19, 2, 18, 9, 10, 8, 5, 6, 12, 6, 29, 15, 11, 13, 6, 3, 9, 10, 7, 3, 6, 11, 9, 7, 14, 33, 7, 5, 9, 4, 5, 14, 10, 7, 17, 16, 14, 3, 22, 11, 8, 6, 9, 13, 26, 9, 5, 28, 20, 21, 25, 29, 29, 20, 20, 4, 27, 2, 8, 7, 10, 7, 6, 3, 0, 4, 3, 17, 10, 21, 7, 6, 9, 3, 14, 10, 9, 10, 12, 6, 12, 21, 3, 4, 13, 9, 7, 7, 13, 8, 9, 6, 10, 5, 7, 3, 7, 8, 1, 6, 5, 6, 8, 10, 5, 19, 8, 6, 12, 23, 17, 4, 5, 13, 8, 21, 11, 29, 6, 5, 14, 2, 1, 13, 7, 4, 10, 6, 6, 4, 14, 3, 2, 7, 16, 11, 17, 16, 15, 13, 2, 5, 5, 8, 0, 3, 14, 10, 3, 4, 12, 6, 7, 17, 7, 10, 3, 5, 7, 11, 15, 6, 3, 10, 4, 3, 4, 10, 9, 1, 16, 10, 13, 18, 25, 11, 2, 21, 11, 8, 2, 8, 4, 14, 5, 18, 4, 5, 9, 9, 32, 5, 19, 6, 13, 6, 20, 13, 8, 6, 1, 6, 10, 7, 5, 2, 7, 15, 22, 7, 6, 10, 17, 2, 13, 5, 8, 10, 19, 16, 13, 6, 8, 9, 3, 8, 10, 11, 10, 13, 10, 13, 7, 5, 10, 20, 9, 25, 9, 4, 5, 15, 2, 15, 7, 7, 6, 14, 2, 3, 12, 26, 28, 8, 0, 16, 4, 19, 3, 5, 10, 14, 20, 5, 13, 11, 0, 4, 29, 26, 9, 6, 1, 8, 2, 7, 9, 1, 8, 11, 13, 21, 36, 29, 5, 9, 12, 4, 17, 3, 14, 9, 24, 7, 2, 3, 2, 0, 4, 12, 11, 10, 7, 6, 9, 16, 16, 15, 14, 6, 4, 8, 25, 14, 6, 21, 4, 6, 10, 1, 15, 7, 14, 12, 7, 1, 6, 8, 8, 9, 12, 4, 13, 12, 5, 11, 26, 0, 15, 11, 43, 16, 3, 6, 28, 10, 9, 12, 11, 13, 4, 14, 7, 2, 9, 34, 4, 11, 13, 19, 32, 12, 3, 5, 10, 6, 34, 7, 3, 5, 13, 1, 12, 4, 5, 21, 15, 5, 5, 7, 21, 4, 6, 1, 13, 4, 17, 50, 13, 25, 14, 25, 22, 4, 29, 17, 37, 28, 10, 4, 18, 28, 0, 17, 4, 6, 23, 3, 18, 20, 13, 15, 4, 5, 1, 17, 26, 7, 7, 29, 24, 18, 8, 10, 13, 3, 64, 5, 3, 4, 6, 16, 3, 5, 6, 5, 41, 16, 10, 1, 4, 5, 7, 3, 17, 8, 10, 4, 27, 2, 3, 8, 8, 13, 7, 3, 29, 12, 7, 10, 4, 5, 38, 8, 1, 4, 12, 11, 1, 4, 21, 41, 27, 9, 7, 9, 1, 6, 4, 5, 10, 2, 30, 3, 3, 17, 12, 13, 3, 39, 7, 4, 8, 3, 9, 9, 6, 10, 17, 27, 7, 19, 16, 12, 3, 7, 4, 7, 3, 20, 11, 5, 17, 42, 7, 5, 7, 26, 66, 7, 7, 8, 7, 8, 10, 5, 6, 14, 5, 13, 8, 7, 8, 3, 13, 8, 11, 8, 17, 1, 12, 5, 10, 12, 6, 20, 5, 8, 15, 10, 5, 3, 17, 4, 16, 16, 13, 15, 1, 27, 8, 19, 11, 12, 11, 5, 4, 8, 5, 9, 9, 5, 17, 21, 5, 0, 4, 3, 3, 12, 2, 8, 26, 7, 5, 12, 12, 10, 12, 19, 13, 12, 1, 10, 7, 16, 15, 7, 26, 10, 4, 13, 9, 1, 5, 4, 1, 6, 4, 3, 6, 5, 21, 4, 19, 2, 5, 13, 12, 16, 4, 11, 6, 5, 12, 15, 8, 13, 8, 4, 8, 16, 7, 3, 6, 21, 9, 6, 2, 8, 8, 19, 12, 17, 19, 8, 24, 9, 3, 1, 29, 9, 3, 16, 10, 50, 44, 6, 5, 12, 4, 9, 4, 16, 8, 14, 5, 2, 9, 20, 2, 9]"
12,1.0,12,"[8, 2, 8, 14, 13, 9, 5, 6, 4, 14, 10, 14, 2, 3, 18, 20, 10, 6, 8, 4, 9, 14, 3, 8, 7, 22, 17, 8, 14, 4, 7, 9, 9, 19, 9, 1, 7, 4, 5, 10, 5, 15, 15, 8, 27, 20, 12, 8, 5, 2, 5, 9, 12, 16, 20, 5, 8, 8, 19, 3, 19, 10, 24, 5, 3, 12, 6, 3, 20, 8, 5, 28, 20, 8, 4, 2, 8, 20, 9, 23, 12, 7, 11, 12, 5, 12, 4, 5, 0, 7, 2, 20, 26, 15, 20, 19, 17, 2, 4, 20, 5, 1, 5, 16, 9, 1, 4, 14, 14, 14, 4, 18, 32, 5, 17, 3, 4, 18, 6, 14, 9, 27, 5, 12, 14, 4, 28, 8, 21, 4, 4, 10, 7, 15, 22, 4, 8, 3, 8, 4, 5, 24, 15, 18, 4, 6, 16, 38, 4, 5, 4, 5, 5, 9, 16, 2, 12, 5, 13, 13, 9, 4, 18, 9, 2, 7, 7, 2, 4, 23, 14, 6, 8, 6, 7, 23, 4, 15, 8, 2, 5, 5, 11, 5, 6, 9, 12, 27, 13, 7, 11, 13, 5, 13, 18, 13, 8, 3, 7, 3, 2, 3, 7, 23, 19, 7, 11, 8, 6, 10, 20, 4, 7, 9, 7, 3, 5, 9, 4, 8, 27, 4, 5, 7, 7, 16, 15, 3, 4, 11, 20, 4, 18, 9, 31, 7, 13, 7, 2, 8, 14, 12, 9, 7, 22, 16, 3, 17, 3, 5, 13, 6, 12, 6, 2, 4, 14, 4, 10, 10, 7, 19, 1, 17, 16, 9, 27, 6, 10, 11, 12, 8, 5, 6, 8, 7, 6, 1, 4, 0, 14, 1, 9, 2, 26, 7, 5, 24, 12, 12, 12, 3, 8, 8, 2, 14, 17, 19, 15, 5, 6, 27, 7, 2, 9, 3, 2, 12, 11, 12, 0, 28, 4, 5, 8, 41, 8, 2, 4, 16, 8, 6, 4, 7, 3, 4, 5, 3, 13, 8, 6, 3, 11, 18, 9, 7, 17, 4, 16, 6, 15, 4, 9, 21, 35, 8, 23, 22, 14, 5, 13, 10, 1, 14, 17, 5, 10, 12, 12, 11, 15, 15, 5, 2, 3, 12, 20, 7, 6, 5, 5, 13, 7, 4, 17, 15, 15, 17, 3, 25, 7, 7, 7, 22, 9, 5, 4, 15, 16, 6, 27, 15, 10, 1, 6, 22, 7, 2, 20, 5, 9, 2, 13, 13, 15, 5, 4, 13, 2, 4, 8, 5, 16, 8, 2, 3, 21, 17, 11, 6, 21, 5, 20, 27, 6, 5, 16, 21, 3, 9, 1, 8, 11, 5, 13, 8, 2, 13, 3, 6, 11, 13, 11, 11, 3, 95, 6, 6, 3, 2, 5, 16, 9, 3, 24, 8, 15, 5, 18, 19, 15, 20, 17, 11, 5, 4, 18, 3, 28, 31, 4, 30, 11, 3, 13, 17, 21, 33, 9, 9, 5, 19, 11, 12, 18, 7, 2, 27, 17, 24, 6, 41, 22, 14, 2, 5, 24, 10, 13, 5, 9, 5, 6, 5, 13, 12, 37, 4, 9, 4, 2, 2, 12, 10, 18, 2, 3, 22, 7, 12, 17, 5, 10, 15, 12, 40, 39, 1, 9, 19, 3, 5, 6, 12, 27, 27, 2, 39, 3, 13, 0, 7, 6, 4, 7, 4, 10, 11, 5, 3, 3, 14, 2, 8, 25, 8, 22, 4, 7, 11, 2, 24, 3, 2, 4, 4, 13, 2, 8, 4, 2, 12, 3, 22, 9, 12, 6, 13, 25, 6, 2, 24, 60, 8, 5, 8, 21, 6, 6, 8, 15, 3, 12, 16, 22, 10, 12, 20, 11, 2, 15, 2, 10, 3, 3, 4, 9, 4, 12, 11, 4, 13, 15, 30, 4, 7, 5, 7, 3, 0, 11, 6, 9, 3, 5, 18, 3, 29, 7, 8, 2, 14, 10, 32, 3, 2, 4, 6, 8, 10, 8, 7, 7, 11, 9, 11, 17, 17, 6, 3, 23, 11, 15, 4, 29, 22, 5, 4, 7, 13, 7, 6, 6, 10, 15, 11, 20, 3, 5, 8, 30, 22, 12, 2, 21, 11, 3, 17, 4, 11, 4, 7, 11, 14, 5, 5, 8, 7, 10, 5, 4, 2, 3, 5, 8, 8, 9, 16, 2, 41, 23, 7, 26, 15, 8, 10, 6, 8, 25, 11, 10, 9, 7, 13, 14, 4, 8, 13, 22, 1, 11, 8, 28, 2, 16, 1, 6, 12, 5, 43, 17, 6, 15, 3, 3, 2, 2, 3, 8, 6, 4, 22, 12, 18, 8]"
13,1.0,13,"[9, 2, 4, 15, 7, 13, 11, 5, 4, 13, 7, 10, 1, 7, 20, 6, 6, 6, 13, 13, 9, 2, 15, 6, 4, 9, 3, 18, 7, 28, 13, 6, 12, 3, 2, 7, 11, 7, 3, 11, 14, 7, 5, 6, 3, 19, 9, 24, 18, 13, 5, 3, 15, 8, 7, 5, 14, 35, 21, 15, 27, 23, 7, 20, 12, 2, 9, 5, 11, 32, 10, 5, 13, 1, 14, 2, 12, 7, 7, 13, 9, 35, 21, 15, 7, 4, 4, 4, 14, 10, 10, 6, 1, 10, 19, 18, 12, 10, 3, 3, 9, 9, 13, 3, 10, 9, 4, 9, 11, 18, 3, 15, 3, 3, 15, 8, 7, 7, 8, 5, 15, 28, 7, 24, 3, 10, 12, 10, 8, 3, 8, 11, 6, 3, 5, 5, 7, 11, 8, 15, 4, 16, 4, 8, 8, 8, 11, 7, 9, 11, 14, 11, 16, 3, 5, 9, 3, 6, 24, 5, 7, 4, 7, 15, 6, 20, 22, 4, 4, 3, 6, 13, 5, 17, 4, 13, 6, 9, 18, 5, 0, 10, 28, 22, 5, 5, 15, 4, 23, 13, 9, 5, 15, 6, 19, 5, 6, 20, 8, 6, 4, 5, 4, 6, 13, 6, 17, 20, 7, 6, 4, 19, 7, 5, 5, 3, 2, 8, 4, 9, 7, 4, 16, 2, 5, 3, 3, 4, 8, 5, 5, 18, 8, 9, 5, 5, 12, 17, 14, 10, 2, 21, 13, 16, 8, 10, 10, 7, 7, 5, 24, 9, 7, 12, 8, 15, 8, 19, 7, 14, 6, 15, 18, 30, 29, 4, 6, 9, 1, 7, 17, 18, 13, 3, 6, 5, 5, 31, 3, 0, 8, 4, 6, 15, 9, 11, 3, 18, 19, 3, 11, 27, 15, 8, 4, 15, 12, 8, 13, 20, 4, 24, 7, 7, 4, 23, 1, 7, 17, 27, 3, 6, 8, 6, 14, 17, 9, 9, 8, 7, 5, 5, 8, 17, 11, 10, 3, 7, 2, 7, 13, 4, 11, 21, 6, 35, 4, 9, 22, 5, 14, 9, 15, 11, 16, 7, 4, 5, 13, 2, 12, 2, 4, 2, 10, 12, 24, 1, 15, 11, 7, 9, 5, 10, 9, 31, 9, 5, 11, 5, 16, 21, 16, 14, 2, 16, 6, 9, 15, 3, 5, 9, 10, 26, 17, 1, 19, 19, 20, 3, 8, 5, 11, 15, 6, 10, 5, 2, 1, 2, 5, 7, 5, 16, 16, 19, 6, 4, 7, 2, 7, 3, 2, 8, 6, 4, 3, 3, 31, 8, 5, 23, 14, 1, 23, 9, 16, 6, 6, 7, 4, 3, 28, 19, 26, 3, 24, 13, 4, 3, 12, 10, 45, 5, 31, 10, 8, 5, 10, 3, 7, 16, 19, 13, 6, 2, 2, 29, 7, 9, 4, 13, 35, 13, 10, 5, 32, 11, 8, 9, 12, 20, 5, 3, 19, 6, 4, 11, 23, 14, 5, 8, 7, 15, 13, 2, 8, 3, 23, 20, 14, 6, 18, 10, 15, 14, 8, 28, 24, 6, 13, 16, 4, 13, 19, 4, 8, 7, 9, 7, 5, 4, 6, 19, 46, 4, 6, 5, 6, 6, 6, 7, 13, 1, 33, 45, 7, 5, 24, 9, 7, 11, 13, 6, 8, 3, 4, 56, 10, 8, 28, 5, 35, 5, 15, 7, 4, 11, 31, 2, 41, 3, 8, 10, 8, 21, 39, 5, 15, 6, 11, 8, 4, 8, 2, 0, 4, 11, 6, 11, 3, 8, 11, 1, 1, 6, 3, 3, 16, 38, 8, 6, 15, 5, 12, 10, 29, 3, 4, 20, 43, 14, 10, 5, 26, 26, 5, 14, 9, 11, 36, 26, 8, 20, 56, 6, 1, 13, 3, 4, 30, 5, 23, 6, 12, 7, 7, 5, 9, 9, 16, 17, 16, 16, 6, 23, 10, 28, 5, 7, 4, 14, 35, 9, 11, 4, 5, 15, 4, 10, 12, 5, 5, 11, 4, 9, 5, 12, 1, 16, 6, 7, 21, 7, 5, 28, 6, 7, 14, 14, 4, 9, 10, 14, 9, 13, 25, 3, 14, 8, 3, 2, 15, 15, 1, 7, 16, 10, 7, 0, 13, 15, 2, 9, 9, 1, 9, 11, 17, 4, 3, 5, 8, 7, 3, 4, 8, 53, 3, 26, 11, 20, 5, 6, 18, 12, 9, 3, 23, 7, 7, 0, 10, 9, 9, 3, 8, 11, 15, 2, 7, 14, 22, 23, 9, 9, 4, 4, 12, 4, 4, 10, 7, 30, 6, 20, 4, 4, 30, 20, 2, 8, 8, 13, 6]"
14,1.0,14,"[11, 12, 0, 3, 5, 11, 16, 14, 4, 18, 19, 3, 3, 13, 9, 4, 32, 18, 11, 4, 9, 13, 11, 7, 5, 11, 9, 17, 7, 10, 4, 14, 5, 9, 9, 6, 2, 2, 19, 10, 8, 10, 2, 9, 12, 4, 20, 17, 8, 13, 12, 20, 12, 4, 18, 4, 9, 17, 2, 8, 16, 34, 5, 2, 5, 8, 5, 19, 12, 8, 16, 21, 12, 5, 4, 13, 3, 1, 3, 27, 12, 11, 10, 14, 6, 0, 11, 17, 13, 10, 22, 7, 13, 24, 6, 23, 6, 3, 13, 7, 3, 4, 4, 3, 6, 9, 11, 25, 4, 19, 7, 10, 14, 1, 27, 8, 3, 2, 11, 6, 7, 60, 6, 11, 9, 4, 5, 14, 9, 6, 2, 3, 5, 5, 28, 5, 4, 8, 11, 7, 9, 4, 15, 12, 11, 4, 5, 12, 10, 3, 15, 7, 18, 7, 25, 1, 3, 5, 6, 3, 18, 3, 8, 6, 5, 18, 11, 13, 7, 13, 4, 9, 11, 10, 3, 8, 8, 8, 19, 1, 19, 5, 9, 16, 9, 10, 10, 13, 26, 12, 20, 13, 8, 7, 10, 8, 15, 7, 7, 6, 2, 10, 5, 3, 4, 10, 9, 10, 7, 11, 8, 9, 11, 6, 20, 12, 4, 5, 2, 6, 12, 9, 11, 9, 28, 14, 6, 8, 14, 21, 16, 3, 14, 10, 4, 10, 22, 2, 5, 9, 10, 8, 18, 10, 6, 6, 11, 4, 3, 14, 6, 7, 28, 13, 10, 8, 8, 12, 2, 11, 5, 11, 12, 7, 7, 6, 15, 5, 8, 20, 12, 10, 29, 2, 30, 10, 2, 20, 5, 14, 5, 1, 34, 1, 8, 9, 5, 11, 13, 3, 4, 3, 27, 2, 4, 18, 3, 10, 12, 19, 9, 13, 1, 4, 38, 8, 6, 28, 10, 9, 12, 0, 7, 14, 7, 19, 12, 4, 4, 17, 8, 7, 6, 22, 3, 4, 6, 4, 17, 3, 24, 2, 13, 10, 15, 13, 10, 4, 1, 21, 17, 8, 26, 6, 8, 18, 14, 10, 7, 9, 6, 4, 7, 6, 33, 29, 28, 6, 16, 19, 39, 2, 2, 17, 10, 4, 8, 4, 20, 3, 0, 8, 8, 9, 8, 10, 23, 8, 22, 5, 16, 23, 4, 5, 9, 2, 7, 3, 1, 5, 2, 2, 3, 22, 11, 5, 5, 3, 20, 17, 14, 8, 16, 10, 16, 5, 1, 29, 28, 4, 7, 16, 6, 4, 8, 7, 5, 9, 4, 12, 2, 5, 21, 9, 2, 23, 10, 5, 10, 43, 13, 7, 15, 6, 50, 11, 16, 10, 15, 3, 30, 11, 6, 34, 10, 16, 7, 9, 10, 8, 10, 5, 21, 4, 29, 6, 14, 6, 11, 6, 18, 22, 21, 12, 11, 7, 5, 8, 2, 18, 4, 7, 18, 15, 8, 8, 2, 8, 10, 18, 9, 10, 19, 9, 7, 3, 12, 5, 7, 8, 10, 10, 31, 6, 4, 6, 10, 7, 4, 24, 14, 21, 15, 27, 12, 16, 7, 6, 1, 3, 5, 2, 6, 14, 15, 7, 9, 5, 8, 7, 13, 12, 4, 3, 9, 1, 6, 5, 11, 2, 3, 22, 16, 11, 2, 22, 3, 19, 16, 7, 29, 10, 16, 7, 7, 2, 20, 6, 1, 5, 3, 12, 6, 4, 2, 7, 25, 9, 22, 4, 5, 4, 5, 13, 9, 9, 39, 9, 25, 18, 8, 31, 7, 3, 11, 15, 6, 8, 16, 15, 44, 7, 4, 31, 27, 12, 14, 2, 53, 9, 2, 7, 14, 4, 5, 4, 5, 13, 14, 2, 86, 6, 8, 4, 25, 7, 5, 16, 3, 4, 6, 1, 21, 15, 13, 21, 6, 9, 22, 29, 11, 30, 14, 8, 19, 22, 16, 11, 9, 13, 10, 1, 24, 2, 13, 19, 2, 7, 3, 12, 28, 10, 16, 20, 3, 29, 6, 5, 5, 4, 3, 3, 6, 8, 14, 23, 6, 14, 3, 5, 3, 6, 12, 3, 6, 9, 14, 3, 8, 15, 6, 10, 12, 8, 4, 17, 14, 3, 7, 3, 21, 11, 13, 24, 8, 12, 3, 14, 4, 1, 6, 21, 8, 3, 6, 8, 2, 2, 8, 6, 18, 3, 17, 17, 16, 7, 3, 12, 2, 13, 3, 5, 8, 4, 0, 27, 9, 28, 14, 4, 14, 4, 43, 4, 15, 10, 3, 2, 32, 56, 6, 41, 16, 5, 1, 33, 6, 2, 8, 23, 4, 7, 2, 16, 7]"
